retweet,likes,reply,num,image,video,gif
0,11,1,2,0,0,0
0,1,0,1,0,0,0
2,2,0,1,0,0,0
1,19,4,3,0,0,0
6,12,1,1,0,0,0
0,1,2,1,0,0,0
0,3,0,1,0,0,0
0,2,1,1,1,0,0
2,6,1,1,1,0,0
0,0,0,1,0,0,0
0,0,0,1,0,0,0
0,0,0,1,0,0,0
0,5,0,1,1,0,0
0,3,0,1,0,0,0
0,0,0,1,1,0,0
0,3,0,1,0,0,0
0,0,0,2,0,0,0
0,1,1,2,0,0,0
1,0,0,1,0,0,0
0,0,0,1,0,0,0
0,2,0,1,0,0,0
1,2,0,1,0,0,0
0,0,0,1,0,0,0
0,0,0,1,0,0,0
4,27,1,1,0,0,0
2,1,0,1,0,0,0
0,0,0,2,1,0,0
0,0,0,1,1,0,0
0,0,0,1,1,0,0
0,0,0,3,3,0,0
0,1,0,1,0,0,0
0,0,0,1,0,0,0
11,30,15,1,0,0,0
0,0,0,1,1,0,0
0,4,0,1,0,0,0
0,2,0,1,0,0,0
0,4,0,1,0,0,0
1,9,2,2,2,0,0
3,20,2,1,1,0,0
0,0,0,2,2,0,0
0,0,0,1,0,0,0
0,0,0,1,0,0,0
0,0,0,1,1,0,0
0,1,0,1,0,0,0
0,7,0,3,0,1,0
1,1,3,1,0,0,0
2,1,1,1,0,0,0
0,0,0,1,0,0,0
0,8,1,1,0,0,0
0,5,0,2,1,0,0
1,3,0,1,0,0,0
0,2,0,1,1,0,0
7,107,8,1,0,0,0
0,0,0,1,1,0,0
0,1,0,1,0,0,0
0,0,0,1,0,0,0
0,3,0,2,0,0,0
0,0,0,1,0,0,0
0,5,0,2,0,0,0
2,3,3,2,1,0,0
0,0,0,3,0,0,0
0,0,1,3,0,0,0
0,2,0,1,0,0,0
0,0,1,1,1,0,0
5,10,4,1,0,0,0
0,4,3,1,0,0,0
0,0,0,1,1,0,0
0,0,0,2,0,0,0
1,0,1,2,0,0,0
0,0,0,1,1,0,0
0,1,0,2,1,0,0
0,0,0,1,0,0,0
0,0,0,2,2,0,0
10,38,0,25,2,0,0
57,376,14,32,1,0,0
4,17,1,8,0,0,0
0,28,3,15,4,0,0
0,3,0,4,1,0,0
0,3,1,4,0,0,0
0,0,0,1,1,0,0
1,7,1,2,0,0,0
121,953,146,7,0,0,0
1,6,2,7,1,0,0
0,0,0,1,1,0,0
0,2,2,1,0,0,0
0,0,0,2,0,0,0
1,14,1,3,0,0,0
2,1,0,1,0,0,0
0,2,0,1,0,0,0
5,32,9,5,0,0,0
3,9,12,4,0,0,0
1,3,0,1,0,0,0
0,1,0,1,0,0,0
0,5,0,1,1,0,0
0,0,0,1,0,0,0
0,2,0,1,0,0,0
1,14,0,1,0,0,0
44,161,29,8,2,0,0
41,154,25,30,5,0,0
34,321,53,51,16,1,0
38,266,34,43,5,1,0
11,90,46,27,5,0,0
9,25,5,18,2,0,0
1,3,0,11,6,0,0
4,52,9,9,2,0,0
0,6,3,8,1,0,0
18,74,9,12,4,0,0
7,39,1,9,0,0,0
3,5,0,7,0,0,0
0,5,1,3,0,0,0
6,41,1,7,1,0,0
9,100,11,4,0,0,0
3,6,0,1,0,0,0
0,10,2,4,2,0,0
0,12,3,3,1,0,0
1,1,1,4,0,0,0
0,0,0,2,0,0,0
1,3,1,4,1,0,0
17,312,24,4,2,0,0
0,0,0,3,2,0,0
23,352,46,17,3,0,0
2,12,1,12,3,0,0
6,88,6,17,2,0,0
7,51,8,19,3,0,0
7,87,19,24,10,0,0
2,10,0,10,1,0,0
1,7,0,3,0,0,0
16,210,13,10,0,0,0
1,7,1,6,1,0,0
4,33,9,8,3,0,0
3,21,4,6,1,1,0
5,25,4,12,3,0,0
10,91,12,2,0,0,0
8,78,20,2,0,0,0
0,13,1,4,0,0,0
0,4,2,4,1,0,0
0,3,3,4,0,0,0
0,0,0,2,0,0,0
0,4,1,2,2,0,0
85,349,35,5,1,0,0
11,33,10,9,2,0,0
5,5,2,3,0,0,0
5,8,8,7,0,0,0
1,32,3,4,0,0,0
4,124,32,6,1,0,0
0,9,1,5,0,0,0
32,193,27,9,1,0,0
0,1,0,5,0,0,0
1,3,0,3,1,0,0
3,8,2,13,1,0,0
2,21,7,4,2,0,0
0,0,1,2,0,0,0
0,0,0,1,0,0,0
1,1,0,4,1,0,0
0,0,1,2,0,0,0
0,6,0,1,0,0,0
0,0,0,1,0,0,0
0,0,0,1,0,1,0
0,4,0,1,0,0,0
0,0,0,1,1,0,0
0,0,0,1,0,0,0
1,4,0,3,0,0,0
6,4,2,2,1,0,0
0,0,0,1,0,0,0
1,14,3,3,3,0,0
0,2,0,1,0,0,0
1,1,0,2,0,0,0
1,1,2,1,0,0,0
3,14,3,1,1,0,0
1,0,1,1,1,0,0
0,0,0,1,0,0,0
0,1,0,1,0,0,0
0,0,0,1,0,0,0
1,4,1,3,1,0,0
1,18,3,4,1,0,0
0,0,0,2,0,0,0
2,10,0,4,0,0,0
0,4,2,3,1,0,0
0,1,2,1,0,0,0
1,1,0,2,1,0,0
2,25,3,4,1,0,0
0,0,0,1,1,0,0
0,0,6,2,1,0,0
1,0,5,5,3,0,0
0,1,0,1,0,0,0
0,2,0,3,2,0,0
1,2,0,4,0,0,0
1,3,0,2,2,0,0
5,59,7,2,0,0,0
2,1,4,4,0,0,0
9,57,3,3,0,0,0
2,6,0,3,0,0,0
3,3,1,1,0,0,0
0,0,0,1,0,0,0
0,3,3,2,2,0,0
0,14,2,7,1,0,0
0,10,2,4,1,0,0
0,2,0,3,1,0,0
0,2,1,4,1,0,0
1240,2118,1889,16,2,0,0
2,8,1,17,3,0,0
44,416,20,8,0,0,0
6,64,9,12,2,0,0
10,57,10,8,0,0,0
2,30,3,8,1,0,0
0,8,0,3,1,0,0
11,40,8,8,1,0,0
1,4,0,6,0,0,0
3,5,1,7,2,0,0
1,6,1,4,0,0,0
0,2,0,2,0,0,0
1,28,6,2,1,0,0
7,57,2,3,1,0,0
0,0,0,5,0,0,0
0,1,0,3,0,0,0
0,0,0,1,0,0,0
0,2,0,1,0,0,0
0,0,0,2,0,0,0
2,54,8,5,1,0,0
2,3,1,2,1,0,0
0,5,1,4,2,0,0
5,28,2,6,1,0,0
2,16,5,9,3,0,0
16,91,7,9,2,0,0
1,24,2,5,2,0,0
1,14,6,4,0,0,0
1,11,0,6,1,0,0
0,2,0,3,1,0,0
0,3,1,2,0,0,0
1,7,2,3,0,0,0
0,3,0,1,0,0,0
0,1,0,1,0,0,0
0,1,0,1,0,0,0
0,0,0,1,1,0,0
2,28,3,4,1,1,0
0,1,0,1,0,0,0
9,72,0,3,1,0,0
5,13,1,5,3,0,0
5,17,2,2,0,0,0
3,23,0,7,0,0,0
0,4,0,2,1,0,0
0,0,2,1,0,0,0
1,9,1,3,0,0,0
0,2,0,1,0,0,0
1,23,1,4,0,0,0
1,24,2,9,0,0,0
3,17,3,9,2,0,0
34,229,30,19,2,0,0
25,177,51,15,6,0,0
13,28,11,21,1,0,0
13,99,27,7,0,0,0
1,17,2,2,1,0,0
0,5,2,5,2,0,0
5,68,12,8,3,0,0
2,17,1,6,2,0,0
0,13,5,4,0,0,0
52,708,26,4,1,0,0
0,0,0,1,0,0,0
0,13,0,3,1,0,0
0,4,0,4,1,0,0
0,0,0,1,0,0,0
0,3,4,5,2,0,0
0,6,0,2,2,0,0
0,0,1,1,1,0,0
8,40,10,5,1,0,0
0,5,3,3,0,0,0
0,22,2,7,1,0,0
8,18,3,12,4,0,0
10,134,23,20,6,0,0
114,1190,56,49,5,0,0
327,1804,265,158,36,1,0
203,1265,169,123,29,1,0
71,717,82,66,5,1,0
433,1732,35,50,11,0,0
108,434,57,52,8,0,0
29,320,50,29,8,0,0
137,565,35,32,9,1,0
11,63,15,16,3,1,0
11,96,12,17,5,0,0
9,41,10,12,1,0,0
2,27,1,8,2,0,0
1,16,5,6,3,0,0
10,74,5,5,0,0,0
2,62,16,5,2,0,0
5,49,10,8,5,0,0
1,2,0,2,0,0,0
1,9,3,2,0,0,0
0,4,0,4,0,0,0
1,40,6,7,2,0,0
2,11,8,4,1,0,0
27,64,12,15,2,0,0
3,7,5,7,3,0,0
9,216,25,11,5,0,0
7,60,11,7,2,0,0
4,33,16,7,2,0,0
43,129,13,6,3,1,0
5,21,6,10,2,0,0
7,66,3,9,1,0,0
0,8,3,6,1,0,0
11,41,10,6,1,0,0
1,7,2,8,0,0,0
0,6,3,6,0,0,0
7,114,5,5,1,0,0
1,21,7,8,1,0,0
1,9,1,4,0,0,0
2,17,4,5,2,0,0
0,2,1,2,0,0,0
29,225,21,3,0,0,0
0,5,1,1,0,0,0
0,4,1,1,0,0,0
0,1,1,3,2,0,0
0,0,0,2,0,0,0
0,17,3,4,1,0,0
1,8,1,1,1,0,0
8,13,6,7,2,0,0
4,34,5,6,1,0,0
8,24,5,11,2,0,0
5,46,56,13,2,0,0
6,108,11,9,1,0,0
6,14,4,8,0,0,0
1,14,15,9,1,0,0
48,439,22,4,0,1,0
2,33,9,7,4,0,0
2,62,1,3,0,0,0
4,29,5,3,0,0,0
4,35,7,5,0,0,0
52,222,9,2,1,0,0
0,0,1,3,0,0,0
44,236,19,5,2,0,0
0,1,0,1,1,0,0
2,8,4,3,1,0,0
20,71,16,11,4,0,0
0,13,1,5,1,0,0
16,184,35,39,12,0,0
187,804,91,54,12,0,0
37,174,43,37,5,0,0
56,431,62,62,11,1,0
147,908,81,80,12,0,0
888,3095,236,106,25,1,0
594,2845,296,223,47,1,0
948,3892,239,156,29,0,0
354,3163,289,189,55,1,0
249,1477,192,118,29,0,0
20,112,12,67,13,3,0
1325,5561,402,86,14,1,0
100,678,84,62,17,1,0
76,499,100,47,14,2,0
34,226,33,59,11,0,0
20,424,34,37,8,1,0
15,79,18,36,6,2,0
14,123,21,39,11,0,0
67,371,46,32,7,0,0
15,134,43,19,6,0,0
12,78,8,15,4,0,0
4,26,7,13,2,0,0
4,14,2,8,2,0,0
1,19,8,16,1,0,0
6,21,6,17,5,0,0
44,160,14,20,5,0,0
28,125,22,23,4,0,0
82,246,28,36,6,0,0
155,1782,104,48,7,0,0
69,265,52,86,13,1,0
553,2447,348,96,18,0,0
301,2149,155,70,15,1,0
572,5374,1098,94,13,2,0
826,5244,321,127,28,1,0
589,4868,462,141,18,3,0
391,2110,163,209,36,0,0
457,3710,528,389,72,5,0
2762,23389,1323,332,62,1,0
6154,19133,924,215,41,1,0
328,2252,304,180,40,1,0
8641,30303,1211,138,25,3,0
117,740,127,129,27,0,0
331,2438,188,120,21,1,0
222,1690,138,104,20,0,0
78,450,66,74,11,0,0
112,741,122,66,11,0,0
503,1603,138,71,16,0,0
73,261,30,74,20,1,0
520,2827,185,84,24,1,0
428,1891,190,154,37,3,0
5484,13085,2396,246,47,1,0
991,3314,591,226,36,2,0
450,2409,529,231,35,0,0
14314,24730,5216,494,176,3,0
1503,6134,366,628,232,5,0
1261,4998,477,501,134,5,0
1853,6213,1044,530,116,4,0
2276,8631,752,499,114,5,0
3016,10222,541,445,72,8,0
941,4786,373,393,110,2,0
1051,4573,344,304,79,4,0
711,3646,333,339,74,5,0
4177,17743,675,339,74,8,0
797,3292,325,444,99,6,0
524,3046,303,330,82,5,0
198,1138,106,270,69,9,0
498,1815,184,267,80,6,0
274,1537,158,224,58,3,0
473,3168,216,210,45,6,0
167,797,58,194,58,6,0
101,332,53,169,63,1,0
168,784,61,163,54,2,0
126,525,73,134,20,1,0
291,1328,164,163,35,1,0
1045,5714,354,267,74,3,0
1249,5257,688,310,60,3,0
3118,9769,1517,563,113,8,0
6587,19995,1246,781,135,7,0
1313,6678,742,693,108,11,0
5739,16786,1337,863,182,15,0
2299,10472,707,690,120,9,0
904,4140,362,579,116,12,0
2558,10396,629,553,107,8,0
1608,6840,656,508,117,10,0
2537,11541,1012,465,71,17,0
777,3686,305,359,65,12,0
1192,4758,525,312,53,8,0
578,2134,162,319,58,6,0
1255,6806,576,245,37,3,0
366,1326,233,219,43,6,0
1298,4576,193,199,36,3,0
135,592,89,160,32,3,0
164,653,46,145,25,2,0
181,799,78,103,19,3,0
139,607,61,103,23,3,0
745,1183,106,104,21,3,0
154,527,59,117,26,1,0
530,1981,283,125,29,5,0
502,1776,148,149,35,5,0
434,3612,417,188,41,4,0
599,2043,184,212,39,12,0
787,4638,342,380,67,4,0
635,3401,614,454,66,7,0
521,2132,257,349,65,10,0
923,6760,282,347,77,12,0
1001,6589,453,284,56,6,0
984,3552,324,296,53,3,0
918,2265,264,274,60,3,0
2402,9541,546,242,52,3,0
194,784,123,177,39,5,0
608,1835,199,165,41,8,0
348,1819,97,138,38,6,0
462,2083,63,99,19,4,0
662,1969,230,101,25,0,0
179,691,86,94,25,2,0
167,811,277,96,21,0,0
45,350,37,71,11,4,0
14,93,13,52,9,1,0
103,514,32,45,8,1,0
209,900,53,52,11,1,0
31,200,27,45,10,0,0
26,105,9,52,15,1,0
393,831,71,86,31,1,0
81,333,31,171,99,0,0
160,746,106,124,51,1,0
424,1228,148,187,92,4,0
120,577,99,144,33,4,0
109,1130,106,102,19,4,0
176,680,99,106,28,8,0
254,1419,288,122,22,5,0
334,1925,229,120,16,0,0
419,1841,127,114,24,4,0
106,561,94,85,23,3,0
219,662,62,98,15,2,0
92,516,82,86,16,4,0
116,537,69,87,15,7,0
15,128,57,62,19,4,0
92,567,59,80,17,4,0
137,565,65,64,21,1,0
22,360,29,56,11,1,0
548,1852,140,48,9,0,0
47,236,37,47,9,0,0
64,346,29,37,11,1,0
18,110,17,25,8,0,0
55,251,32,37,10,2,0
14,62,19,24,5,0,0
50,195,26,42,13,2,0
27,112,13,54,13,0,0
45,157,27,51,10,2,0
464,3090,198,105,17,0,0
425,2651,321,100,20,1,0
636,2986,214,131,18,1,0
148,1219,81,96,24,0,0
514,1706,124,102,22,5,0
136,508,61,102,19,3,0
70,373,44,99,22,3,0
336,1480,175,93,22,6,0
228,865,110,95,15,5,0
105,795,123,75,21,2,0
253,1161,117,116,37,4,0
61,415,103,75,15,2,0
46,178,27,60,12,0,0
84,499,42,79,20,1,0
18,83,21,59,5,0,0
31,174,17,41,12,2,0
28,94,16,43,7,1,0
95,943,33,46,11,0,0
61,195,28,45,13,1,0
30,135,18,69,17,1,0
68,331,55,63,15,0,0
166,629,76,90,16,1,0
125,712,108,85,13,0,0
451,2522,242,133,29,1,0
1070,6502,362,180,45,4,0
601,1906,337,240,44,1,0
337,2142,125,157,29,3,0
171,665,132,141,21,2,0
311,1495,161,152,45,1,0
153,749,136,126,33,3,0
119,668,63,142,39,2,0
167,661,112,181,45,6,0
322,1988,202,118,23,0,0
209,863,111,133,21,0,0
246,1115,95,93,17,3,0
49,313,69,67,10,3,0
198,1515,118,73,15,5,0
1045,6874,374,60,12,0,0
68,333,42,55,8,0,0
33,283,103,45,11,0,0
78,120,15,37,9,1,0
50,134,22,50,5,0,0
26,217,54,46,9,0,0
27,82,16,39,9,0,0
31,78,19,41,11,0,0
116,308,54,75,16,0,0
158,779,122,81,15,1,0
733,2587,288,133,31,1,0
496,2076,327,236,43,4,0
636,3185,634,255,61,7,0
595,2980,305,315,56,5,0
595,4024,267,193,43,4,0
523,2492,114,125,26,0,0
116,346,45,96,19,1,0
178,976,141,138,30,1,0
302,1183,135,132,33,1,0
182,1052,120,64,17,1,0
49,335,38,68,19,3,0
108,665,80,64,18,1,0
85,215,35,47,7,1,0
62,299,53,42,11,0,0
68,288,53,43,9,1,0
29,112,23,33,8,1,0
48,193,29,26,7,0,0
9,38,12,24,6,0,0
18,67,10,35,6,0,0
20,61,14,36,10,1,0
66,176,34,27,7,0,0
126,367,66,42,10,1,0
142,548,48,44,9,2,0
66,182,29,44,6,0,0
125,368,45,73,8,3,0
412,2100,159,191,30,1,0
191,1000,132,106,19,0,0
128,460,58,93,20,1,0
190,635,55,118,22,1,0
42,263,32,80,15,0,0
218,945,165,96,13,1,0
166,572,97,63,18,0,0
157,720,63,67,18,2,0
193,428,120,61,11,0,0
44,231,24,60,12,2,0
202,1651,142,55,15,0,0
38,168,24,41,7,1,0
58,203,18,33,7,1,0
25,74,12,25,7,1,0
9,49,11,25,5,0,0
17,69,14,21,5,0,0
4,24,7,20,4,0,0
2,8,7,13,1,0,0
1,10,1,9,2,0,0
4,20,8,14,2,1,0
8,26,4,18,8,0,0
18,63,11,22,5,0,0
23,179,14,31,6,0,0
91,245,36,44,4,1,0
189,1184,132,256,209,1,0
84,481,49,121,69,0,0
289,1002,142,134,64,1,0
1113,2831,192,94,40,3,0
90,551,83,97,37,1,0
255,808,78,77,27,0,0
99,387,63,72,24,2,0
95,417,62,55,18,1,0
72,268,64,82,45,1,0
35,128,24,80,58,0,0
78,398,30,61,35,1,0
62,246,39,58,34,1,0
8,41,9,45,21,2,0
133,566,95,49,26,0,0
23,96,25,77,52,0,0
56,143,32,78,55,1,0
44,151,20,64,49,1,0
3,13,1,31,24,0,0
20,77,7,41,34,0,0
58,199,23,52,31,0,0
14,53,6,53,39,0,0
155,508,45,59,34,0,0
165,377,63,106,70,0,0
253,957,74,82,33,0,0
124,659,128,111,51,0,0
434,3261,353,138,22,4,0
87,463,60,69,24,4,0
52,324,26,52,14,0,0
26,174,24,37,9,2,0
45,162,22,41,15,1,0
39,130,27,36,13,0,0
53,216,30,41,9,1,0
147,631,30,27,5,0,0
17,55,14,22,5,1,0
11,85,6,13,2,0,0
63,218,14,9,5,1,0
80,34,7,14,4,1,0
6,21,5,12,1,1,0
4,13,8,8,2,0,0
4,29,3,9,3,0,0
1,32,3,5,0,0,0
56,281,14,9,3,0,0
4,4,0,7,2,1,0
8,50,2,10,5,0,0
12,40,2,6,4,0,0
5,26,6,16,6,0,0
2,16,1,8,3,0,0
87,23,2,11,2,0,0
8,13,4,12,5,0,0
23,108,14,19,5,0,0
14,87,12,19,3,0,0
6,20,2,9,2,0,0
12,80,55,12,3,0,0
7,21,2,16,3,0,0
10,96,17,15,4,0,0
10,31,2,12,2,0,0
10,31,4,17,5,4,0
3,9,1,10,2,0,0
763,1133,259,8,0,1,0
2,2,1,4,1,0,0
2,13,3,6,1,0,0
1,4,0,15,0,9,0
0,4,2,7,2,0,0
1,11,0,2,0,0,0
0,16,3,7,1,0,0
1,2,0,14,0,10,0
5,7,0,5,0,0,0
5,12,1,8,2,0,0
2,7,2,6,0,0,0
85,361,20,2,1,0,0
55,9,5,13,5,0,0
9,35,6,11,1,0,0
2,54,11,12,2,1,0
75,169,11,11,4,0,0
117,267,34,20,0,2,0
7,82,8,9,0,0,0
27,81,12,19,3,3,0
20,70,9,16,4,0,0
40,6,1,7,1,0,0
7,22,1,8,0,0,0
34,156,3,12,5,0,0
10,25,3,10,4,0,0
8,37,6,18,2,0,0
9,22,2,8,1,0,0
9,30,0,11,1,0,0
5,16,1,11,0,1,0
6,18,6,8,0,0,0
11,39,2,10,1,0,0
6,24,3,11,2,0,0
2,9,0,7,0,0,0
1,5,0,2,0,0,0
3,14,1,8,2,0,0
4,15,1,12,4,1,0
29,149,4,16,5,0,0
3,38,5,17,6,0,0
70,82,15,19,1,1,0
35,157,7,29,9,0,0
33,304,18,27,4,0,0
14,101,5,18,3,0,0
3,24,6,13,2,0,0
3,19,4,21,3,0,0
2,7,4,12,4,0,0
22,59,5,14,1,0,0
53,160,19,12,3,1,0
6,46,4,15,3,1,0
101,692,60,13,1,1,0
28,156,6,5,1,1,0
2,7,1,9,1,0,0
3,10,3,10,2,0,0
2,16,2,6,3,0,0
0,7,0,5,2,0,0
2,8,1,5,2,0,0
11,20,3,13,4,0,0
2,6,1,4,2,0,0
0,0,0,1,0,0,0
0,0,0,3,1,0,0
0,7,1,4,0,0,0
9,11,2,7,1,0,0
15,79,8,9,5,0,0
6,21,2,17,9,0,0
23,231,37,16,3,0,0
102,345,34,28,9,1,0
91,376,32,44,10,0,0
5,39,9,29,5,1,0
73,214,47,27,2,1,0
12,58,12,18,3,0,0
13,28,1,19,11,0,0
9,50,9,20,7,0,0
17,74,21,17,8,0,0
11,59,6,20,14,0,0
45,255,18,14,3,0,0
10,66,12,10,1,0,0
34,215,29,20,9,0,0
23,112,17,20,4,0,0
6,48,50,8,3,0,0
14,61,6,11,6,0,0
5,46,2,11,3,0,0
6,34,3,7,3,0,0
1,1,1,10,3,0,0
4,23,4,9,5,0,0
5,27,5,6,4,0,0
1,25,2,8,2,0,0
10,74,10,17,6,0,0
98,286,21,16,2,1,0
89,340,33,31,6,0,0
47,199,7,32,6,0,0
16,63,9,19,3,0,0
39,154,14,29,3,0,0
125,441,45,47,8,1,0
17,73,12,16,5,1,0
6,22,2,11,1,0,0
11,33,3,14,3,0,0
40,116,15,18,3,0,0
1,5,1,7,2,0,0
12,50,7,10,4,0,0
6,13,0,7,1,1,0
5,18,1,6,2,0,0
2,9,2,10,2,0,0
7,15,0,9,1,0,0
9,43,5,4,1,0,0
2,0,0,3,2,0,0
1,4,0,2,1,0,0
0,0,0,3,2,0,0
3,2,0,5,0,0,0
0,7,0,4,0,0,0
50,112,11,12,1,0,0
44,144,20,18,6,0,0
3,25,22,10,2,0,0
39,172,50,21,4,0,0
6,25,1,12,2,0,0
17,42,14,22,3,0,0
10,26,4,18,6,0,0
77,196,22,43,4,0,0
38,84,8,17,3,0,0
7,66,7,13,1,0,0
11,51,19,15,3,1,0
4,16,2,12,2,0,0
9,41,6,13,1,1,0
0,11,2,6,2,0,0
2,5,1,6,2,0,0
4,3,0,6,2,0,0
9,17,1,8,0,0,0
1,5,0,3,0,0,0
23,40,3,10,1,0,0
1,12,1,5,0,0,0
5,7,0,5,2,1,0
0,4,0,4,0,0,0
2,5,0,4,1,0,0
0,6,0,5,1,0,0
11,29,2,11,5,1,0
5,10,3,8,2,0,0
7,21,6,10,1,0,0
1,21,2,13,2,0,0
9,36,4,18,2,0,0
12,50,4,15,0,1,0
7,23,6,16,2,0,0
19,214,55,13,3,0,0
5,26,2,7,3,0,0
20,71,18,21,3,1,0
9,39,7,12,1,0,0
1,12,3,7,1,0,0
6,23,8,12,3,0,0
3,7,0,6,0,0,0
0,4,0,2,0,0,0
39,250,26,8,0,1,0
3,10,0,7,0,0,0
2,4,0,3,1,1,0
0,0,1,2,1,0,0
2,7,1,5,2,0,0
0,0,0,2,1,0,0
0,0,0,1,1,0,0
4,9,0,2,0,0,0
4,7,1,4,0,0,0
62,0,1,1,0,0,0
1,4,1,2,1,0,0
0,10,1,2,0,0,0
1,1,0,3,2,0,0
36,148,5,3,2,0,0
1,4,1,8,2,0,0
2,64,9,3,2,0,0
4,10,2,8,2,0,0
5,13,4,10,2,1,0
5,13,2,5,1,1,0
0,0,1,2,1,0,0
0,0,0,2,0,0,0
0,4,0,4,1,0,0
7,8,1,4,0,0,0
1,2,0,2,0,0,0
3,9,0,2,1,0,0
0,1,0,2,0,1,0
2,9,3,6,2,0,0
0,0,3,2,1,0,0
29,57,3,2,1,0,0
0,2,0,2,0,0,0
0,2,1,3,0,0,0
1,15,2,2,1,0,0
1,1,0,3,2,0,0
1,1,1,3,2,0,0
3,6,0,4,1,1,0
0,1,0,1,0,0,0
9,18,2,6,1,0,0
11,35,3,3,2,0,0
2,10,0,6,2,0,0
21,71,2,11,1,3,0
3,19,1,10,4,0,0
14,165,6,7,2,0,0
5,14,5,7,1,0,0
8,14,2,12,2,0,0
1,5,2,4,0,1,0
4,21,1,3,2,0,0
11,44,6,9,2,1,0
2,19,2,3,1,0,0
2,2,2,2,0,0,0
3,7,2,1,0,0,0
7,9,0,2,0,0,0
1,1,0,1,0,0,0
1,0,0,1,1,0,0
2,3,0,3,1,0,0
21,8,0,2,0,1,0
1,1,0,2,0,0,0
10,55,9,4,3,0,0
67,120,43,9,2,0,0
16,75,3,7,3,0,0
7,46,3,7,1,0,0
22,82,36,9,2,1,0
16,88,13,13,1,0,0
8,25,4,9,2,0,0
11,9,6,8,2,0,0
1,13,4,10,4,0,0
5,16,5,10,3,0,0
4,24,3,10,1,0,0
7,48,4,10,1,0,0
1,11,3,6,0,0,0
0,3,0,3,0,0,0
9,43,2,4,1,0,0
35,184,7,7,2,0,0
3,6,2,4,1,0,0
2,5,1,6,4,0,0
0,6,0,1,0,0,0
1,1,1,2,1,0,0
3,6,2,3,2,0,0
5,25,5,7,2,2,0
1,0,1,1,1,0,0
2,16,0,4,1,0,0
7,56,7,9,3,1,0
25,70,12,9,1,0,0
10,42,2,17,7,0,0
17,70,10,17,1,0,0
42,101,14,23,7,1,0
48,195,17,16,4,1,0
54,191,19,20,2,0,0
17,55,5,21,4,0,0
24,77,2,14,6,0,0
40,191,15,22,3,0,0
14,42,9,11,2,0,0
37,103,13,14,1,0,0
33,101,20,10,2,0,0
3,10,1,7,1,0,0
3,12,0,4,0,0,0
4,118,14,3,1,0,0
3,9,2,5,0,0,0
2,5,0,4,2,0,0
0,1,0,4,0,0,0
2,4,0,2,1,0,0
6,16,0,3,1,0,0
0,2,1,3,0,0,0
1,4,0,6,4,0,0
14,43,10,9,2,1,0
6,16,1,7,3,0,0
8,21,0,12,2,0,0
10,17,8,16,1,0,0
36,118,7,13,3,0,0
161,397,22,21,2,0,0
121,293,49,43,3,0,0
35,242,22,32,5,0,0
87,589,32,25,3,0,0
144,539,49,45,3,0,0
72,443,34,27,5,0,0
35,205,28,26,4,0,0
33,99,33,34,2,0,0
5,28,3,17,3,1,0
8,37,1,15,2,0,0
10,52,8,18,2,0,0
8,21,2,11,4,0,0
8,45,5,8,1,0,0
17,52,5,13,2,0,0
15,89,9,19,2,0,0
17,60,3,17,4,0,0
8,26,6,9,0,1,0
15,27,3,9,2,0,0
7,19,1,6,2,0,0
10,65,10,17,2,0,0
66,236,17,27,4,0,0
45,88,10,37,4,0,0
82,268,24,40,8,0,0
57,264,26,45,4,1,0
100,302,29,77,10,0,0
180,949,112,228,34,2,0
158,984,176,173,30,5,0
312,1068,77,107,19,2,0
52,310,46,94,15,1,0
33,155,9,56,6,1,0
29,164,21,34,5,1,0
28,153,16,15,3,0,0
28,83,5,30,4,1,0
43,157,11,21,9,0,0
15,102,20,10,2,0,0
4,19,1,7,3,0,0
6,46,4,10,6,0,0
20,53,10,7,1,1,0
15,25,3,10,1,0,0
0,4,1,3,0,0,0
5,13,0,5,0,0,0
12,17,3,7,1,0,0
4,5,1,4,2,0,0
8,22,3,17,1,0,0
11,31,3,17,7,0,0
17,37,4,13,3,0,0
10,22,3,16,1,0,0
655,2380,117,24,4,1,0
3,38,5,16,3,0,0
7,17,6,11,0,0,0
38,194,19,24,6,0,0
46,150,20,13,4,0,0
8,23,1,17,4,0,0
17,50,11,12,4,0,0
13,35,6,16,6,0,0
4,8,0,4,1,0,0
16,44,6,10,2,0,0
82,546,58,9,1,0,0
4,14,1,4,1,0,0
1,1,0,2,0,0,0
0,1,0,2,0,0,0
32,126,16,4,1,0,0
1,4,0,3,1,0,0
2,3,0,1,0,1,0
2,4,0,6,4,0,0
2,17,0,3,0,0,0
11,88,14,11,4,1,0
1,3,0,2,0,0,0
2,21,2,6,1,1,0
3,11,2,3,2,0,0
4,13,1,10,3,0,0
8,13,0,6,2,0,0
0,1,1,6,1,0,0
12,31,2,10,2,0,0
2,15,1,6,2,0,0
7,11,2,10,4,0,0
17,110,17,9,1,1,0
6,28,2,5,2,0,0
0,2,0,4,0,0,0
6,15,4,3,0,0,0
1,3,1,3,1,0,0
1,3,1,2,0,1,0
4,5,1,7,4,0,0
0,5,1,1,1,0,0
1,1,0,3,0,0,0
0,2,0,4,0,0,0
0,5,0,2,0,0,0
0,0,0,2,1,0,0
0,1,0,1,1,0,0
1,4,0,1,1,0,0
0,0,0,1,1,0,0
8,29,5,2,1,0,0
11,62,1,4,1,0,0
0,3,0,1,0,1,0
33,175,26,8,2,0,0
18,55,8,9,3,0,0
17,88,4,6,0,0,0
2,9,3,6,1,0,0
1,6,0,5,2,0,0
18,54,32,5,1,0,0
37,75,13,7,1,0,0
0,5,1,6,1,0,0
0,0,0,3,1,1,0
3,8,1,4,0,0,0
14,60,9,4,0,0,0
9,16,0,4,1,0,0
1,4,1,2,1,0,0
0,0,0,2,0,1,0
11,20,3,2,0,0,0
3,1,0,3,1,0,0
5,17,5,5,1,0,0
2,21,2,7,1,0,0
6,21,0,6,1,0,0
7,8,2,8,4,0,0
5,22,4,10,4,0,0
8,25,4,11,1,0,0
6,52,3,8,2,0,0
7,16,5,13,2,0,0
3,20,2,11,1,0,0
1,18,3,13,2,0,0
20,69,0,10,1,0,0
3,20,0,13,8,0,0
30,127,16,15,5,0,0
2,19,4,6,0,0,0
12,31,7,5,3,0,0
5,6,1,8,2,0,0
0,3,1,2,1,0,0
1,10,1,4,0,1,0
0,0,0,1,0,0,0
22,73,10,3,1,0,0
28,63,12,4,1,0,0
4,19,1,2,1,0,0
0,0,0,1,0,0,0
1,8,2,3,1,0,0
1,3,0,3,2,0,0
12,8,1,8,3,0,0
2,4,2,7,1,0,0
3,11,0,9,2,0,0
2,9,2,4,2,0,0
3,16,0,8,1,1,0
3,14,0,6,3,0,0
2,5,0,2,0,1,0
2,13,0,7,1,0,0
81,258,30,62,3,0,0
44,157,31,19,4,0,0
14,28,3,18,1,1,0
2,6,0,12,3,0,0
3,15,5,12,2,0,0
6,37,5,14,2,0,0
9,45,10,6,1,0,0
4,14,1,9,2,1,0
3,3,0,4,0,0,0
2,1,0,3,1,0,0
0,1,0,1,0,0,0
3,4,1,6,1,0,0
0,0,1,2,1,0,0
1,7,0,3,2,0,0
8,7,1,5,0,0,0
16,54,7,14,4,0,0
14,48,6,16,3,0,0
9,46,3,9,0,0,0
3,21,1,16,3,0,0
7,20,6,12,5,0,0
17,38,5,9,2,0,0
29,58,6,22,4,0,0
38,203,40,13,3,0,0
880,4412,275,275,72,3,0
2632,18757,753,638,152,15,0
824,4575,587,243,55,9,0
75,373,57,282,94,9,0
118,787,107,284,114,3,0
226,739,136,184,69,1,0
88,419,54,145,60,2,0
140,685,38,106,27,6,0
91,316,33,106,41,1,0
37,147,17,71,33,1,0
21,60,6,68,27,0,0
291,787,41,73,34,0,0
21,68,18,82,23,2,0
50,194,32,61,23,3,0
83,344,31,87,25,0,0
49,123,8,82,19,2,0
155,855,158,82,24,1,0
163,802,66,128,29,2,0
222,1138,91,165,24,3,0
209,1077,83,164,34,3,0
213,944,63,104,18,5,0
220,870,73,128,28,1,0
460,3114,142,158,43,1,0
123,361,70,105,26,6,0
63,192,37,93,45,0,0
32,130,12,73,39,1,0
68,235,30,61,29,0,0
36,124,15,89,52,2,0
41,86,5,77,50,0,0
35,56,6,54,33,1,0
16,41,8,31,14,2,0
24,75,9,36,15,2,0
67,304,28,26,11,0,0
23,69,9,31,13,1,0
10,22,3,17,9,1,0
22,36,0,34,22,3,0
69,80,12,57,42,2,0
18,76,6,26,4,0,0
17,50,3,19,3,0,0
12,39,3,20,1,0,0
41,130,10,45,7,1,0
102,323,61,48,11,1,0
63,311,17,67,16,0,0
132,491,60,54,13,2,0
35,154,25,55,13,3,0
49,243,32,38,7,1,0
37,214,32,52,14,1,0
49,230,16,53,12,1,0
162,701,82,47,11,2,0
71,275,30,23,6,0,0
24,72,11,26,6,0,0
54,387,12,23,5,0,0
7,33,4,11,4,2,0
25,75,11,6,1,0,0
16,66,11,10,1,0,0
7,6,1,9,1,0,0
3,9,0,8,0,0,0
31,115,15,12,1,0,0
3,3,0,2,0,0,0
0,4,1,5,0,0,0
21,56,9,11,1,0,0
2,4,0,4,0,0,0
5,6,0,5,1,0,0
0,0,0,1,1,0,0
2,7,2,6,3,0,0
3,11,3,9,2,0,0
1,13,3,7,4,0,0
7,12,5,11,3,0,0
6,12,8,9,0,0,0
18,56,3,7,0,0,0
11,41,8,11,4,1,0
0,15,3,6,1,0,0
10,45,8,17,5,1,0
13,35,2,11,3,0,0
11,74,13,4,0,0,0
3,28,8,6,0,0,0
10,37,5,9,1,0,0
3,12,3,10,1,1,0
2,14,3,4,0,0,0
0,2,1,2,1,0,0
3,5,0,4,0,0,0
3,11,0,5,1,1,0
0,2,1,2,0,0,0
3,4,1,1,0,0,0
3,10,0,3,1,0,0
1,1,0,2,1,0,0
1,3,2,3,1,0,0
1,3,0,2,2,0,0
1,2,0,2,1,0,0
1,3,0,2,0,0,0
6,12,3,5,0,0,0
4,13,1,3,1,0,0
3,46,14,12,2,1,0
11,30,1,5,4,0,0
6,22,2,12,1,0,0
0,4,0,2,1,0,0
8,39,2,14,8,0,0
8,45,5,12,7,0,0
16,82,6,6,3,0,0
102,282,20,7,1,0,0
5,12,6,6,2,0,0
13,24,4,14,1,0,0
12,22,2,7,0,0,0
5,18,7,9,1,0,0
5,26,1,7,4,0,0
14,35,8,13,7,0,0
8,38,12,14,8,2,0
4,7,2,5,1,0,0
4,22,6,5,2,0,0
7,7,3,7,1,0,0
2,3,0,4,0,0,0
19,52,7,10,1,0,0
51,171,15,15,8,0,0
24,98,6,17,7,1,0
19,61,7,22,5,0,0
7,35,3,17,3,0,0
16,92,13,19,7,0,0
58,133,8,31,3,0,0
20,57,2,16,7,1,0
28,95,2,32,6,1,0
33,261,35,44,12,1,0
7,35,3,17,11,0,0
14,44,0,18,7,0,0
18,69,7,19,8,1,0
22,66,16,15,7,0,0
21,80,4,15,7,2,0
1,9,2,7,1,0,0
2,19,2,7,1,0,0
20,108,9,11,1,1,0
4,23,0,13,7,1,0
6,12,1,12,5,0,0
0,1,0,4,0,0,0
5,8,1,5,2,0,0
0,2,0,3,1,0,0
6,14,0,6,4,0,0
6,23,1,2,0,0,0
74,205,16,14,6,0,0
2,20,3,9,5,0,0
8,56,18,19,5,0,0
20,129,6,31,9,0,0
11,40,4,20,4,0,0
9,28,4,18,2,0,0
7,30,3,22,7,0,0
23,92,4,17,3,0,0
17,90,18,19,2,0,0
26,108,4,15,2,0,0
20,105,8,19,8,1,0
10,23,6,9,3,0,0
20,69,6,7,1,0,0
17,47,7,13,9,0,0
2,8,0,4,4,0,0
12,70,5,8,4,0,0
3,6,0,3,1,0,0
7,34,4,10,2,0,0
2,16,3,3,2,0,0
2,4,2,3,3,0,0
0,1,0,1,0,0,0
5,5,0,7,0,0,0
1,10,1,6,1,0,0
13,41,3,7,2,0,0
24,118,6,8,2,0,0
19,207,16,21,1,9,0
24,99,7,22,11,1,0
38,135,9,23,6,0,0
21,64,10,29,7,0,0
14,86,3,14,2,0,0
6,30,8,10,3,0,0
43,248,9,16,6,0,0
32,118,11,20,3,0,0
29,93,13,28,7,0,0
12,39,2,16,2,0,0
7,34,4,9,4,2,0
23,111,16,11,3,0,0
19,80,8,7,0,0,0
9,41,9,7,0,0,0
2,6,0,4,2,0,0
7,50,1,4,0,0,0
24,95,19,5,3,0,0
2,6,0,3,1,0,0
0,2,1,1,1,0,0
1,0,0,1,1,0,0
5,8,0,2,0,0,0
0,0,1,1,0,0,0
3,2,3,4,0,0,0
1,9,1,6,3,0,0
0,10,1,6,2,0,0
39,111,14,17,9,1,0
11,73,10,20,4,0,0
79,263,55,14,4,1,0
3,30,5,15,3,0,0
13,64,6,21,4,1,0
84,416,52,70,18,2,0
34,187,16,35,15,0,0
6,44,4,15,3,0,0
17,52,5,12,3,0,0
4,12,1,5,1,1,0
1,4,1,5,2,0,0
18,110,8,7,3,0,0
8,24,3,13,2,1,0
96,101,12,10,0,0,0
94,92,14,6,2,0,0
3,14,6,7,2,0,0
0,5,2,3,1,0,0
1,0,0,1,0,0,0
4,24,5,5,5,0,0
1,1,1,4,2,0,0
1,5,1,2,0,0,0
14,31,3,9,3,0,0
24,65,5,16,4,0,0
57,11,4,10,2,0,0
13,65,6,37,4,0,0
20,175,9,67,9,1,0
36,122,21,49,13,1,0
63,197,29,17,6,1,0
0,9,3,11,2,0,0
32,84,11,19,8,1,0
4,20,2,13,5,0,0
118,455,26,13,7,0,0
2,30,0,15,8,0,0
6,14,3,13,5,0,0
4,11,3,6,2,0,0
2,7,2,6,1,0,0
8,19,3,6,1,1,0
3,6,0,7,2,0,0
1,8,1,4,1,0,0
4,5,1,5,1,0,0
7,79,6,6,2,0,0
0,2,1,2,1,0,0
6,8,1,8,1,0,0
28,69,12,15,0,0,0
0,0,1,1,0,0,0
4,22,2,5,1,0,0
0,0,0,2,1,0,0
7,46,8,6,1,0,0
2,11,0,3,0,0,0
22,99,12,19,8,0,0
6,39,2,20,8,1,0
5,25,2,9,3,0,0
2,7,1,6,0,0,0
4,15,8,8,5,0,0
2,11,6,7,1,0,0
2,2,2,3,0,0,0
21,82,11,6,6,0,0
3,16,4,6,3,0,0
0,3,2,1,0,0,0
10,37,4,3,1,1,0
6,29,4,8,2,1,0
2,1,2,3,0,0,0
8,23,0,2,0,0,0
0,1,4,4,3,0,0
0,7,1,3,0,0,0
0,4,3,3,1,0,0
0,1,0,1,1,0,0
0,5,4,3,0,0,0
5,6,3,7,5,0,0
4,0,4,6,6,0,0
0,4,1,12,7,0,0
0,11,5,8,5,0,0
14,56,3,7,3,0,0
17,54,2,17,5,0,0
1,5,1,8,5,0,0
0,4,1,2,0,0,0
11,59,2,13,9,0,0
6,23,7,7,4,0,0
7,41,4,9,5,1,0
4,21,3,10,6,0,0
5,37,2,8,5,0,0
0,0,0,1,1,0,0
9,29,5,8,1,0,0
1,4,0,6,1,0,0
11,30,10,10,4,0,0
9,38,2,3,0,0,0
15,23,0,11,1,0,0
2,3,2,3,1,0,0
1,3,1,4,1,0,0
43,41,3,9,2,1,0
2,20,4,2,0,0,0
8,78,7,6,0,0,0
155,747,49,55,8,0,0
113,619,35,57,7,0,0
62,188,13,59,10,1,0
40,188,15,56,4,1,0
136,689,44,107,21,0,0
244,616,46,126,25,3,0
208,713,45,73,18,0,0
74,85,6,35,7,0,0
65,343,20,46,8,2,0
54,337,13,34,10,0,0
24,104,19,32,9,0,0
41,183,21,16,6,2,0
17,167,19,20,4,0,0
7,28,4,15,4,0,0
6,16,4,8,1,0,0
4,7,0,11,3,0,0
7,31,2,16,2,0,0
2,12,3,7,2,0,0
24,195,11,5,0,0,0
6,121,7,3,1,0,0
1,6,2,9,2,0,0
62,677,25,21,3,0,0
16,93,10,23,7,0,0
39,152,17,25,6,1,0
34,282,39,29,10,3,0
113,248,25,33,8,0,0
143,741,51,59,13,0,0
218,987,68,83,13,0,0
28,220,44,44,12,0,0
68,301,29,49,8,1,0
59,230,20,38,7,0,0
18,74,10,30,7,1,0
27,116,12,31,11,0,0
61,311,22,80,17,3,0
162,960,35,22,1,1,0
26,204,24,15,2,0,0
150,177,19,25,9,0,0
35,166,16,23,7,0,0
5,19,2,8,2,0,0
8,26,2,9,1,0,0
1,13,3,6,2,0,0
16,96,17,12,2,2,0
12,135,15,7,3,0,0
39,212,19,17,5,0,0
3,35,5,16,6,1,0
9,46,6,15,4,1,0
66,361,19,19,3,1,0
11,34,2,20,8,0,0
18,126,15,31,9,0,0
72,246,14,36,8,0,0
41,184,17,57,9,2,0
630,5624,91,72,13,0,0
193,1108,113,158,40,5,0
778,5480,534,399,123,4,0
242,1411,134,216,59,4,0
155,721,91,86,27,2,0
68,469,36,72,19,4,0
50,222,20,65,24,3,0
160,754,171,55,14,1,0
45,272,38,37,6,0,0
51,204,23,37,13,2,0
13,75,12,24,11,1,0
8,21,5,22,8,0,0
11,57,25,14,3,0,0
14,35,7,23,1,0,0
31,105,9,21,4,1,0
2,51,6,12,7,0,0
4,12,4,12,3,0,0
6,34,1,13,3,0,0
5,34,2,14,2,1,0
4,24,5,17,5,0,0
7,22,1,9,1,0,0
13,44,4,14,2,1,0
53,184,47,39,8,1,0
65,195,39,42,15,0,0
22,128,10,46,9,0,0
74,343,19,20,6,1,0
7,60,8,21,1,1,0
16,92,11,29,9,2,0
26,82,12,27,8,0,0
118,650,78,38,6,2,0
26,127,14,27,7,1,0
19,106,14,19,4,0,0
19,74,8,26,5,0,0
1,7,2,8,1,0,0
9,23,3,14,1,0,0
4,7,4,7,2,2,0
1,8,0,6,0,0,0
12,94,13,5,2,0,0
4,20,1,8,3,0,0
3,12,1,5,2,0,0
6,14,1,5,1,0,0
1,5,1,5,1,0,0
10,43,4,4,2,0,0
5,6,1,4,2,0,0
4,14,2,7,2,0,0
14,47,7,17,6,1,0
10,31,3,16,3,0,0
27,129,17,37,8,0,0
32,266,20,48,11,0,0
9,94,7,23,5,0,0
33,119,13,29,7,0,0
9,87,20,29,3,0,0
5,57,6,21,3,0,0
22,47,13,15,6,0,0
15,71,6,19,2,0,0
14,70,4,12,4,0,0
8,16,4,11,2,1,0
8,15,2,9,2,0,0
57,341,21,8,3,0,0
6,12,7,4,0,0,0
0,2,1,4,0,0,0
3,4,2,4,1,0,0
1,1,0,4,1,0,0
1,2,6,3,1,0,0
0,0,0,1,1,0,0
0,1,0,2,1,0,0
1,2,0,2,1,0,0
3,2,0,4,2,0,0
2,5,1,7,3,1,0
2,15,2,7,3,0,0
4,10,0,4,1,0,0
4,15,3,6,1,0,0
27,216,12,8,3,0,0
8,17,5,11,3,1,0
3,16,1,12,2,1,0
2,20,3,12,3,0,0
8,20,7,12,5,1,0
4,4,0,4,0,0,0
2,19,3,5,1,0,0
29,83,3,17,5,1,0
14,40,5,9,0,1,0
1,1,1,2,1,0,0
1,3,0,6,2,0,0
4,7,1,4,2,0,0
16,24,1,4,1,0,0
3,5,0,4,0,0,0
4,16,0,4,0,0,0
14,28,2,5,3,1,0
3,10,3,5,3,0,0
3,4,0,3,1,0,0
0,1,0,2,1,0,0
0,0,0,1,0,0,0
4,8,0,3,1,0,0
3,7,1,5,1,2,0
45,768,218,14,4,0,0
7,28,1,12,2,0,0
28,645,76,10,3,0,0
32,84,4,15,5,0,0
10,30,3,12,7,0,0
0,14,3,8,0,0,0
18,35,0,8,0,0,0
13,44,6,9,1,0,0
7,64,8,14,3,0,0
0,3,0,5,4,0,0
9,17,3,5,2,0,0
3,7,0,3,1,0,0
0,1,2,3,0,0,0
10,19,2,7,1,0,0
13,29,7,17,2,0,0
1,0,0,1,0,0,0
1,0,0,3,1,0,0
0,2,1,3,1,0,0
7,37,12,5,1,1,0
5,25,1,3,1,0,0
4,12,1,8,3,0,0
19,78,6,13,5,0,0
26,121,6,21,5,0,0
17,84,6,24,7,0,0
28,147,8,24,4,0,0
86,476,43,61,8,1,0
19,97,8,27,8,0,0
8,48,4,18,3,0,0
10,63,16,21,6,0,0
28,185,14,24,10,0,0
22,114,16,25,4,0,0
35,99,2,24,2,0,0
7,99,5,7,3,1,0
15,35,3,15,4,0,0
11,47,4,12,8,0,0
49,204,9,7,2,0,0
15,63,5,6,2,2,0
2,18,1,8,4,0,0
2,8,2,3,1,0,0
0,0,0,2,0,0,0
2,5,1,8,5,0,0
7,9,1,2,0,0,0
13,66,0,5,0,0,0
1,1,0,2,1,0,0
4,17,0,5,1,0,0
17,49,5,16,3,0,0
26,88,18,18,7,0,0
54,197,17,39,7,0,0
66,610,34,38,8,0,0
37,58,5,29,4,0,0
30,136,10,28,10,1,0
24,78,5,22,6,1,0
34,111,21,29,6,0,0
114,659,129,37,12,0,0
22,100,13,25,6,0,0
11,30,5,13,4,0,0
0,7,3,12,1,1,0
13,49,4,12,5,0,0
0,2,1,7,3,0,0
0,0,0,4,1,0,0
1,12,1,7,1,0,0
3,11,1,10,4,0,0
0,4,4,6,1,1,0
1,9,2,4,1,0,0
2,2,2,5,2,0,0
2,9,0,6,2,0,0
25,84,8,6,2,1,0
9,31,5,13,2,0,0
1,6,0,6,0,0,0
35,133,11,19,5,1,0
14,58,6,23,6,0,0
25,128,12,43,9,1,0
46,287,19,35,7,0,0
9,45,7,19,5,1,0
44,128,31,21,2,1,0
9,27,1,17,2,0,0
4,24,2,10,2,0,0
0,6,0,5,2,0,0
35,98,8,18,3,0,0
13,37,1,13,2,0,0
29,333,14,12,0,1,0
1,9,2,9,1,0,0
7,18,7,10,4,1,0
2,14,0,7,0,0,0
7,100,7,6,2,2,0
20,149,18,9,3,1,0
2,8,0,5,4,0,0
19,87,1,2,0,0,0
5,10,1,7,2,0,0
1,2,0,3,1,0,0
1,14,0,9,1,1,0
1,8,1,7,1,1,0
0,3,1,5,1,0,0
3,12,4,39,0,0,0
3,36,3,33,2,0,0
23,130,7,22,1,0,0
32,140,13,28,6,0,0
34,83,8,24,6,0,0
14,70,5,17,2,1,0
3,27,1,15,2,1,0
2,29,5,16,5,0,0
14,31,2,26,1,0,0
12,45,7,13,1,1,0
10,16,0,8,2,0,0
8,18,2,12,2,0,0
11,102,19,10,3,0,0
2,13,3,9,4,0,0
7,71,14,10,2,0,0
3,8,3,6,1,1,0
0,2,0,2,1,0,0
0,7,1,4,1,0,0
1,4,0,2,1,0,0
1,4,0,3,1,0,0
0,2,0,2,2,0,0
0,3,2,3,0,1,0
9,15,1,4,3,0,0
2,5,2,9,3,0,0
6,24,2,7,2,0,0
27,204,17,20,4,0,0
38,126,16,27,4,0,0
20,104,28,35,10,1,0
20,168,17,35,10,1,0
85,297,54,53,11,0,0
30,174,14,24,2,0,0
12,69,6,23,7,1,0
11,62,4,19,3,2,0
10,54,6,14,6,2,0
2,32,7,11,2,0,0
28,97,8,14,7,1,0
23,86,10,10,3,0,0
1,11,1,7,3,1,0
16,215,7,5,3,0,0
1,9,0,3,1,0,0
1,21,1,2,0,0,0
6,12,1,5,2,0,0
0,0,0,1,0,0,0
1,3,0,3,0,0,0
1,0,0,2,1,0,0
0,0,0,1,1,0,0
0,5,1,2,0,0,0
4,14,0,9,2,0,0
0,8,0,3,2,0,0
0,6,4,6,1,1,0
42,148,66,12,3,1,0
20,51,7,10,2,1,0
3,16,2,5,0,0,0
4,14,5,6,3,0,0
4,12,1,3,1,0,0
11,24,1,6,2,0,0
3,20,0,10,3,0,0
3,12,3,6,2,1,0
3,12,0,5,2,1,0
2,2,0,5,2,0,0
5,11,3,5,1,0,0
10,45,3,9,5,1,0
1,1,0,2,1,0,0
0,0,0,1,1,0,0
0,1,0,3,1,0,0
0,2,1,2,1,0,0
1,3,0,3,2,0,0
0,7,2,3,2,0,0
2,11,0,6,3,0,0
0,1,0,1,1,0,0
0,1,0,1,0,0,0
7,7,0,11,5,0,0
4,36,2,8,4,0,0
22,85,6,12,5,0,0
23,52,25,9,2,0,0
5,8,2,6,2,0,0
2,4,0,3,0,0,0
6,29,2,12,2,1,0
6,12,1,11,2,0,0
456,2906,120,12,2,0,0
10,40,7,12,3,1,0
5,17,0,5,1,0,0
5,17,3,7,2,0,0
7,23,0,10,3,0,0
6,20,2,12,4,1,0
1,10,1,4,1,1,0
19,132,9,8,2,0,0
0,0,0,5,3,0,0
1,1,0,5,4,0,0
24,33,7,26,1,0,0
6,55,5,3,2,0,0
0,0,0,1,0,0,0
3,9,1,9,2,0,0
1,8,0,7,1,0,0
12,37,3,11,6,0,0
5,33,5,19,4,1,0
10,50,4,25,6,0,0
43,244,12,26,5,1,0
25,65,8,23,6,1,0
57,398,12,16,6,0,0
84,374,12,16,10,0,0
11,41,6,18,4,0,0
3,13,2,10,3,0,0
12,37,0,10,2,0,0
26,74,5,19,6,0,0
59,257,31,18,5,0,0
23,103,10,18,4,1,0
19,63,11,14,4,2,0
2,6,1,5,0,0,0
1,7,8,6,2,1,0
17,44,1,8,4,0,0
0,3,1,1,1,0,0
0,13,2,4,1,0,0
2,1,1,4,1,0,0
1,7,0,5,0,0,0
3,5,0,10,1,0,0
0,1,1,3,1,0,0
69,487,43,13,2,1,0
27,79,7,45,9,0,0
53,367,26,47,10,0,0
162,1109,33,42,10,0,0
109,546,39,46,16,0,0
13,58,5,33,8,0,0
52,367,41,40,12,2,0
76,541,41,41,10,1,0
54,359,24,43,14,0,0
38,268,45,56,13,2,0
496,3233,249,227,38,2,0
65,338,76,107,22,1,0
68,473,37,51,15,0,0
21,146,14,36,9,0,0
53,422,69,32,8,0,0
16,79,14,22,7,0,0
22,63,8,21,8,0,0
2,6,5,10,7,0,0
2,4,2,11,4,0,0
4,3,1,4,0,0,0
7,15,1,11,4,0,0
2,12,2,13,1,0,0
31,208,14,12,1,0,0
60,221,37,21,3,0,0
49,171,34,33,6,0,0
33,93,15,40,7,0,0
49,310,24,35,11,0,0
136,1124,98,60,9,1,0
26,132,35,41,6,2,0
8,80,20,52,6,0,0
36,233,21,43,9,0,0
35,247,39,47,10,1,0
22,96,17,35,11,1,0
27,115,34,38,10,1,0
83,542,53,45,18,1,0
30,121,27,26,9,0,0
4,33,19,13,2,1,0
8,31,7,21,8,0,0
8,51,3,18,6,0,0
24,83,17,9,2,1,0
11,31,6,16,1,0,0
0,3,3,9,5,0,0
2,3,2,16,8,0,0
6,60,9,7,1,0,0
4,21,2,10,1,0,0
5,27,3,14,2,0,0
5,18,1,4,0,1,0
64,258,16,6,1,0,0
21,89,7,12,3,0,0
11,22,3,7,1,0,0
23,86,5,24,7,1,0
15,99,11,34,9,3,0
15,69,8,43,6,1,0
66,394,35,65,24,0,0
17,68,10,35,10,0,0
41,257,27,57,13,1,0
21,93,12,39,14,0,0
31,343,27,63,13,4,0
60,302,27,41,16,0,0
9,84,9,32,7,2,0
38,105,8,24,3,0,0
3,29,1,16,7,0,0
7,41,12,24,5,1,0
4,29,2,17,5,2,0
7,36,10,14,4,2,0
7,29,1,14,7,0,0
3,4,2,8,5,0,0
3,11,1,6,3,1,0
9,14,1,10,5,0,0
2,12,2,8,6,0,0
2,22,0,9,6,0,0
6,30,3,13,5,0,0
0,14,0,10,6,0,0
14,45,7,22,6,0,0
28,128,12,28,10,1,0
69,569,27,46,12,1,0
50,150,22,28,7,0,0
8,95,6,27,10,1,0
17,136,8,24,8,3,0
29,259,21,27,8,0,0
12,59,14,33,8,1,0
21,50,8,23,6,0,0
3,13,5,20,4,1,0
4,21,2,15,10,0,0
13,41,2,21,9,1,0
3,19,1,14,8,0,0
16,291,82,16,12,0,0
12,19,2,19,1,0,0
4,18,4,12,9,0,0
5,14,5,12,5,0,0
4,17,2,7,4,0,0
0,1,0,4,3,0,0
2,4,2,6,4,0,0
0,2,0,3,3,0,0
0,1,1,6,3,0,0
1,1,1,5,5,0,0
0,1,2,4,2,0,0
0,0,0,7,3,0,0
27,47,2,6,6,0,0
1,2,0,3,2,0,0
3,8,0,8,3,0,0
9,18,2,10,4,2,0
10,24,4,12,9,1,0
5,16,4,8,2,1,0
2,16,1,17,14,1,0
2,4,0,8,5,0,0
21,244,7,7,3,0,0
4,8,0,12,5,0,0
1,7,0,12,8,0,0
6,38,5,7,4,0,0
2,1,0,6,4,0,0
2,14,0,6,2,0,0
7,60,3,15,12,0,0
17,56,3,7,5,0,0
24,50,5,8,2,1,0
1,9,0,7,4,0,0
1,2,2,4,3,0,0
0,3,1,3,0,0,0
2,5,0,3,2,0,0
0,1,0,1,0,0,0
0,1,0,2,0,0,0
3,17,1,4,3,0,0
103,420,16,7,2,1,0
4,9,0,8,2,0,0
5,27,3,9,5,0,0
5,28,4,6,0,2,0
3,23,2,13,9,0,0
9,49,2,13,6,0,0
13,28,7,7,1,1,0
24,255,17,14,8,0,0
4,20,2,13,2,0,0
16,35,0,13,1,0,0
2,4,6,9,6,0,0
3,7,0,5,1,0,0
16,43,3,14,8,2,0
2,11,5,5,1,0,0
0,9,0,11,7,1,0
3,12,2,6,1,0,0
2,10,0,4,1,0,0
3,8,4,9,2,0,0
6,26,3,12,2,0,0
4,11,2,14,1,0,0
1,8,4,7,3,0,0
1,4,0,4,2,0,0
5,21,0,5,0,0,0
46,210,15,22,8,1,0
7,35,4,9,1,0,0
30,72,7,25,3,0,0
34,302,12,19,6,1,0
0,15,0,10,2,0,0
5,23,6,13,3,0,0
3,5,5,10,1,0,0
19,262,12,12,5,0,0
12,49,2,14,5,0,0
2,10,1,5,3,0,0
1,9,1,4,2,0,0
190,1454,107,10,2,1,0
3,9,1,5,3,0,0
1,3,1,8,6,0,0
1,8,1,4,3,0,0
1,0,1,4,1,0,0
1,2,0,1,0,0,0
5,21,0,6,2,0,0
4,6,0,4,2,0,0
8,25,0,8,1,0,0
1,4,0,2,0,0,0
0,1,0,5,1,1,0
53,203,13,30,3,0,0
84,518,8,34,6,1,0
180,1511,57,43,11,0,0
32,97,4,35,8,0,0
17,33,6,26,5,0,0
55,529,30,25,4,0,0
21,112,7,23,3,0,0
291,1194,87,27,10,0,0
45,166,8,31,8,2,0
26,54,1,23,13,0,0
9,58,6,24,3,1,0
20,165,7,15,2,0,0
2,9,3,10,1,0,0
3,15,3,8,4,0,0
9,12,2,5,2,1,0
9,129,30,3,0,0,0
6,9,0,7,1,0,0
2,10,2,6,3,0,0
14,23,5,16,2,0,0
0,7,0,3,0,0,0
5,9,0,14,3,0,0
0,2,1,3,0,0,0
20,387,57,4,1,0,0
1,1,0,2,1,0,0
1,2,0,2,0,0,0
11,109,3,7,4,0,0
9,26,4,10,3,0,0
126,1252,72,15,4,0,0
10,30,4,12,4,0,0
3,20,1,10,1,0,0
3,28,1,5,2,0,0
6,29,4,8,2,0,0
1,11,4,13,2,1,0
7,53,4,10,0,0,0
328,1650,90,11,0,0,0
4,12,3,11,5,0,0
6,19,2,8,2,0,0
9,25,5,8,0,0,0
10,32,2,7,3,0,0
1,5,0,7,1,0,0
6,13,0,8,2,1,0
4,10,5,4,2,0,0
1,2,0,2,0,0,0
3,19,2,5,1,0,0
4,14,2,6,3,0,0
0,2,0,1,1,0,0
1,2,0,6,2,0,0
0,0,0,2,1,0,0
2,7,0,5,0,0,0
4,14,0,12,6,0,0
0,2,1,8,0,2,0
16,85,4,12,2,0,0
16,32,1,10,3,0,0
9,32,3,6,2,0,0
16,84,5,15,4,0,0
5,15,4,11,3,0,0
18,34,16,19,4,0,0
12,67,10,11,5,0,0
10,72,7,27,6,0,0
1,22,1,12,2,0,0
3,10,3,9,2,0,0
5,28,0,9,2,0,0
26,77,1,4,2,0,0
0,3,0,4,0,0,0
0,2,0,5,1,0,0
0,4,5,5,2,0,0
2,2,3,2,0,0,0
0,0,0,1,0,0,0
0,4,0,3,1,0,0
1,2,1,1,1,0,0
1,7,0,2,0,0,0
0,1,0,2,1,0,0
0,0,1,2,1,0,0
2,14,1,6,2,0,0
3,6,0,4,0,0,0
2,16,1,10,7,0,0
2,4,1,3,1,0,0
0,2,2,3,0,0,0
3,28,2,7,2,0,0
0,4,0,2,0,0,0
7,14,2,3,0,0,0
2,6,1,6,0,0,0
0,8,1,1,1,0,0
16,140,8,3,0,0,0
7,9,0,3,0,0,0
10,18,3,5,0,1,0
1,4,0,1,0,0,0
3,2,0,2,0,0,0
0,7,0,7,6,0,0
3,5,0,3,0,0,0
6,15,0,2,2,0,0
2,7,2,2,0,1,0
0,0,0,1,0,0,0
1,1,0,4,1,0,0
0,1,2,3,2,0,0
2,8,5,3,0,0,0
0,0,0,1,0,0,0
10,27,5,4,0,0,0
0,0,1,2,0,0,0
0,5,9,7,3,0,0
1,10,5,9,4,1,0
4,8,0,2,2,0,0
62,398,20,6,0,0,0
13,31,3,5,0,2,0
0,0,0,1,0,0,0
1,10,3,6,1,2,0
3,6,0,3,0,0,0
5,3,0,6,6,0,0
9,38,5,8,6,0,0
1,2,12,4,0,0,0
3,12,0,4,1,0,0
3,4,0,1,0,0,0
3,6,1,3,1,0,0
0,1,0,2,0,0,0
0,0,0,1,0,0,0
85,293,15,6,2,0,0
0,0,0,1,0,0,0
0,1,0,2,0,0,0
1,4,0,2,0,0,0
3,10,0,1,1,0,0
0,15,1,7,3,0,0
4,9,3,1,0,0,0
1,2,1,2,1,0,0
3,25,2,7,6,0,0
6,23,1,6,1,0,0
2,9,5,9,7,0,0
0,1,1,1,0,0,0
0,1,0,3,0,1,0
3,9,6,10,9,0,0
2,9,0,3,1,0,0
0,2,1,3,2,0,0
4,10,3,8,7,0,0
0,5,1,3,0,1,0
0,3,1,1,0,0,0
3,3,2,7,2,0,0
0,3,0,2,1,0,0
0,0,0,1,0,0,0
0,0,0,1,0,0,0
251,1105,96,94,11,0,0
68,276,20,64,11,0,0
69,436,31,48,5,0,0
67,239,24,36,10,1,0
44,204,13,40,12,0,0
70,541,45,35,7,0,0
41,247,12,22,6,0,0
70,836,23,21,8,0,0
46,347,40,26,9,0,0
13,66,10,20,3,0,0
11,77,8,14,2,0,0
4,14,1,7,0,0,0
6,26,5,6,1,0,0
5,19,0,9,2,1,0
15,137,6,10,2,1,0
8,90,2,10,1,0,0
0,3,0,3,1,0,0
1,25,4,12,0,1,0
1,6,1,7,0,0,0
4,12,1,8,4,0,0
3,9,2,5,2,0,0
0,1,0,2,0,0,0
0,3,1,3,1,0,0
8,10,3,7,1,0,0
13,66,6,10,2,0,0
5,44,4,9,3,0,0
47,174,7,19,8,0,0
44,271,7,12,5,0,0
4,14,1,8,3,0,0
2,29,3,22,8,0,0
16,63,2,11,6,0,0
8,18,3,12,3,0,0
8,38,4,16,4,0,0
0,11,1,5,1,0,0
12,33,9,7,1,0,0
9,48,7,5,2,1,0
5,27,5,7,1,0,0
5,10,2,9,3,0,0
23,183,15,11,4,0,0
1,11,1,5,3,0,0
5,12,1,9,6,0,0
8,20,1,3,0,1,0
1,7,0,3,3,0,0
1,1,0,2,1,0,0
5,32,0,1,1,0,0
3,9,1,7,1,0,0
0,0,0,1,0,0,0
4,16,1,5,1,0,0
7,22,1,6,3,0,0
8,23,4,17,6,2,0
35,362,3,20,5,0,0
6,24,2,6,1,0,0
104,490,84,9,3,0,0
1,6,0,6,3,0,0
37,116,9,10,5,0,0
8,37,7,11,3,0,0
31,763,25,9,1,0,0
9,104,7,9,3,0,0
0,23,2,5,1,0,0
8,32,4,9,1,0,0
6,14,0,4,1,0,0
2,24,2,5,0,0,0
79,270,85,12,2,0,0
4,25,2,4,1,0,0
1,4,0,2,0,0,0
0,9,1,3,1,1,0
2,3,0,1,0,0,0
2,25,0,3,3,0,0
0,1,0,3,1,0,0
0,4,0,3,0,0,0
0,5,0,3,0,0,0
5,21,0,6,0,0,0
158,741,40,86,7,0,0
100,706,36,50,7,0,0
42,346,12,46,12,0,0
40,147,9,23,3,0,0
14,64,7,21,8,0,0
15,51,3,16,5,0,0
18,169,4,14,4,0,0
44,656,39,32,14,0,0
17,77,10,18,3,0,0
27,346,10,20,6,0,0
7,34,0,13,4,0,0
93,1118,81,10,2,0,0
2,19,0,5,3,0,0
11,105,4,11,7,2,0
2,6,0,6,0,0,0
1,2,0,3,0,0,0
0,6,0,4,2,0,0
0,2,0,4,4,0,0
1,21,1,3,1,0,0
0,1,0,3,1,0,0
2,3,0,5,0,0,0
3,5,0,4,0,0,0
17,186,19,7,0,0,0
2,15,1,3,0,0,0
0,0,0,2,2,0,0
4,21,2,7,2,0,0
42,247,154,14,4,0,0
14,45,14,9,4,0,0
61,185,16,18,8,0,0
2,21,13,16,1,0,0
21,66,3,19,8,1,0
24,148,14,11,2,0,0
10,73,9,14,3,2,0
9,17,1,8,1,0,0
3,46,11,11,4,0,0
3,31,2,7,2,0,0
4,14,2,6,1,0,0
4,20,1,6,1,0,0
21,94,2,5,4,0,0
39,85,3,4,1,0,0
4,65,0,1,1,0,0
0,15,0,2,0,0,0
0,2,0,1,0,0,0
1,4,0,2,2,0,0
1,2,3,1,0,0,0
0,2,0,3,3,0,0
1,0,0,1,0,0,0
2,10,0,3,2,0,0
0,0,1,3,1,0,0
1,78,7,4,0,0,0
14,158,3,6,2,1,0
13,59,1,5,2,0,0
8,30,0,7,2,1,0
6,19,2,6,1,1,0
4,30,7,9,2,0,0
8,29,1,5,1,0,0
15,25,1,2,1,0,0
1,4,1,3,2,0,0
16,188,4,4,3,0,0
1,5,0,3,0,1,0
0,13,1,3,1,1,0
4,21,0,1,0,0,0
1,2,0,5,1,0,0
0,0,0,1,1,0,0
0,0,0,1,0,0,0
2,6,1,1,0,0,0
1,7,0,3,3,0,0
0,11,0,7,6,0,0
21,38,0,5,0,0,0
1,10,1,3,1,0,0
8,27,5,5,2,0,0
1,8,1,3,1,0,0
6,46,7,6,2,0,0
3,15,1,3,1,0,0
6,6,0,2,0,0,0
6,18,0,6,0,0,0
17,45,8,3,2,0,0
12,49,10,8,0,4,0
0,1,0,1,1,0,0
4,7,1,3,0,0,0
6,13,1,2,1,0,0
8,15,0,2,1,0,0
1,4,0,4,0,0,0
1,3,0,2,1,0,0
10,26,2,1,1,0,0
3,11,0,3,0,1,0
5,8,2,7,1,0,0
2,16,0,10,1,0,0
17,86,12,12,2,0,0
40,117,10,22,10,1,0
62,148,5,32,17,0,0
91,233,38,52,23,0,0
58,180,9,35,12,1,0
12,25,4,11,2,0,0
128,851,75,65,7,0,0
33,151,23,40,7,0,0
44,229,20,39,7,1,0
67,673,16,12,1,0,0
2,14,4,10,3,0,0
9,31,3,17,4,1,0
3,53,4,9,3,0,0
38,109,8,16,7,2,0
0,31,4,11,5,0,0
9,15,1,4,0,0,0
2,5,0,3,0,0,0
0,2,0,1,0,0,0
37,162,10,5,0,0,0
1,30,6,6,0,1,0
0,2,0,4,0,0,0
0,18,7,7,2,1,0
2,10,1,6,2,0,0
14,76,3,8,4,0,0
21,47,3,16,3,0,0
12,26,5,7,1,0,0
41,114,2,11,3,1,0
22,101,10,24,7,0,0
4,10,2,7,2,0,0
21,118,6,20,8,0,0
15,27,4,10,1,0,0
2,10,0,5,0,0,0
1,15,1,6,1,0,0
642,4450,177,36,5,0,0
8,85,9,19,0,0,0
1,4,0,7,3,1,0
11,34,3,8,1,1,0
8,29,1,13,5,0,0
7,39,5,2,0,0,0
0,3,0,2,2,0,0
0,16,3,7,3,0,0
9,38,9,10,6,0,0
1,7,0,6,1,0,0
3,7,0,3,1,0,0
12,40,2,8,1,0,0
2,26,1,3,0,0,0
11,36,1,8,0,0,0
19,130,4,10,2,1,0
79,509,11,15,8,0,0
26,110,3,14,2,0,0
26,108,3,22,2,1,0
36,326,10,25,8,1,0
22,107,5,37,11,0,0
49,401,37,26,7,1,0
10,30,4,16,3,0,0
1,3,0,11,3,0,0
60,313,8,19,6,0,0
29,80,7,88,2,0,0
18,126,35,102,8,0,0
8,33,2,16,5,1,0
104,676,23,6,0,0,0
6,19,0,10,6,0,0
0,7,0,7,1,0,0
16,83,4,5,3,0,0
2,6,0,3,1,0,0
7,9,0,9,1,0,0
4,7,1,4,1,0,0
0,0,0,1,1,0,0
2,3,1,7,3,0,0
0,1,0,1,0,0,0
50,350,12,4,2,0,0
2,13,7,9,2,0,0
18,57,1,11,5,0,0
4,56,13,19,2,0,0
29,157,11,20,8,1,0
20,77,6,11,2,0,0
13,60,5,8,3,0,0
3,5,0,6,1,0,0
5,11,3,15,2,0,0
101,302,41,28,5,0,0
92,573,36,12,3,0,0
5,40,7,12,5,0,0
4,14,0,7,1,0,0
7,20,3,10,3,0,0
8,60,11,2,0,0,0
17,74,9,13,7,1,0
1,10,0,5,1,0,0
7,55,6,5,3,1,0
0,7,0,3,1,0,0
3,6,2,3,1,0,0
2,11,1,9,1,1,0
1,1,0,3,1,0,0
0,1,0,5,1,0,0
2,1,0,5,1,0,0
1,8,1,11,4,1,0
0,1,0,2,0,0,0
30,101,3,13,4,0,0
54,249,40,19,5,0,0
28,89,4,18,2,1,0
29,145,6,15,0,1,0
65,581,48,16,7,0,0
77,281,12,9,3,0,0
19,53,3,11,4,0,0
18,97,14,13,4,1,0
23,126,5,17,7,1,0
278,1672,86,31,10,0,0
35,252,16,24,7,2,0
9,39,3,15,6,0,0
4,24,0,8,3,0,0
3,12,3,11,3,0,0
2,14,1,5,1,0,0
171,1775,78,5,2,0,0
0,6,0,5,3,0,0
0,7,2,5,2,0,0
0,0,0,1,0,0,0
2,21,0,4,0,0,0
1,3,0,2,0,0,0
3,8,2,3,1,0,0
0,1,0,2,1,0,0
3,6,1,3,0,0,0
3,5,1,4,3,0,0
0,2,0,3,1,0,0
0,7,1,6,2,0,0
19,212,7,6,0,0,0
7,39,5,9,4,0,0
1,5,0,4,4,0,0
270,2232,118,5,2,0,0
9,40,5,7,3,0,0
4,29,6,5,1,0,0
0,5,0,6,2,0,0
10,184,39,6,6,0,0
14,181,5,9,3,0,0
110,1548,94,14,4,1,0
0,2,0,7,4,0,0
1,3,1,1,0,0,0
0,4,0,1,0,0,0
5,20,1,9,5,2,0
2,13,0,7,4,0,0
0,9,2,4,1,0,0
1,1,0,3,1,0,0
1,9,1,6,3,0,0
0,2,1,3,2,0,0
1,1,0,1,1,0,0
1,19,4,2,0,0,0
0,3,0,2,1,0,0
6,172,13,4,1,0,0
2,3,1,6,4,0,0
7,16,0,6,4,0,0
29,188,13,7,3,0,0
3,6,0,9,6,0,0
9,30,3,8,2,1,0
5,67,3,6,4,0,0
6,51,1,6,1,1,0
44,155,10,10,1,3,0
30,73,5,11,8,0,0
22,43,1,10,5,0,0
3,8,2,7,5,2,0
11,27,1,7,6,0,0
41,273,14,5,3,0,0
1,6,0,1,0,0,0
2,4,6,5,1,0,0
1,13,0,1,0,0,0
2,15,2,2,1,0,0
2,6,0,2,2,0,0
0,1,0,2,0,0,0
3,6,0,3,0,0,0
73,618,32,9,1,1,0
122,695,38,63,9,0,0
29,119,14,35,9,0,0
60,265,26,50,7,0,0
77,729,43,43,16,1,0
56,340,43,35,4,0,0
16,131,4,21,5,0,0
52,227,19,29,8,2,0
20,108,9,23,8,1,0
17,45,3,17,2,0,0
16,176,10,16,4,0,0
18,101,10,17,3,0,0
9,34,2,9,2,0,0
8,33,1,12,6,0,0
6,35,6,14,4,0,0
5,43,5,10,5,0,0
1,3,0,5,1,0,0
3,10,0,10,2,0,0
2,16,3,10,0,1,0
0,2,0,4,3,0,0
3,12,0,8,4,0,0
1,2,0,2,2,0,0
3,24,6,4,2,0,0
1,3,1,3,0,0,0
0,1,0,1,0,0,0
3,16,1,8,2,0,0
1,10,1,7,2,0,0
25,75,4,19,3,0,0
50,187,11,19,12,1,0
18,40,1,9,2,0,0
5,18,0,7,2,0,0
27,233,9,13,9,0,0
23,68,3,17,4,2,0
15,36,2,8,2,0,0
13,39,4,12,5,1,0
1,4,1,7,3,0,0
32,738,48,13,1,0,0
5,72,3,8,3,0,0
0,3,0,3,0,0,0
16,107,9,3,1,0,0
11,42,5,6,1,2,0
1,2,0,3,0,0,0
3,5,0,1,1,0,0
1,24,3,5,1,0,0
0,2,0,3,1,0,0
0,3,0,3,2,0,0
0,0,0,1,0,0,0
0,0,0,1,0,0,0
0,0,0,2,0,0,0
4,17,2,7,2,0,0
7,17,5,7,0,0,0
22,78,7,16,6,0,0
31,82,5,11,3,0,0
41,169,12,16,5,0,0
33,142,10,12,7,0,0
66,155,4,10,6,0,0
4,7,0,10,1,0,0
1,9,2,4,0,0,0
11,39,2,6,3,0,0
6,13,0,6,2,0,0
9,22,6,8,2,1,0
0,14,5,5,3,0,0
4,11,1,5,0,3,0
6,119,3,5,3,1,0
2,11,0,3,0,0,0
2,9,1,2,0,0,0
5,13,0,1,0,0,0
0,0,0,3,0,0,0
0,1,0,2,1,0,0
0,7,1,2,1,0,0
3,4,0,1,0,0,0
1,2,0,3,2,0,0
1,7,1,6,0,0,0
9,38,6,9,2,0,0
37,115,3,11,6,0,0
48,120,5,15,7,1,0
34,243,6,13,5,0,0
45,91,4,9,5,0,0
26,64,1,18,9,0,0
21,72,5,16,8,0,0
22,60,4,13,4,0,0
23,54,6,18,10,0,0
3,8,2,7,3,1,0
11,49,3,17,7,1,0
10,19,2,9,4,0,0
1,10,2,6,2,0,0
0,1,0,6,3,0,0
1,3,2,4,3,0,0
4,17,1,7,1,1,0
2,13,1,4,1,0,0
6,29,2,5,1,0,0
0,0,0,2,1,0,0
2,7,0,3,0,0,0
1,12,0,3,1,0,0
7,23,2,3,1,0,0
4,8,1,4,1,0,0
0,0,2,1,0,0,0
10,27,1,7,3,0,0
2,9,2,5,1,0,0
49,94,4,25,13,4,0
14,27,2,10,1,0,0
38,148,12,6,3,0,0
3,14,0,8,2,0,0
88,607,29,16,5,0,0
24,110,9,16,5,0,0
33,277,4,8,1,0,0
7,106,7,3,2,0,0
39,363,14,9,2,0,0
2,25,3,4,1,0,0
0,4,1,4,2,0,0
3,18,2,4,1,0,0
1,11,0,4,0,0,0
1,9,0,4,1,0,0
0,0,0,2,1,0,0
1,3,3,3,1,0,0
0,0,0,2,1,0,0
0,0,0,1,1,0,0
6,9,1,3,1,1,0
0,0,0,1,1,0,0
0,16,2,2,0,0,0
1,7,2,4,1,0,0
0,1,0,3,2,0,0
1,1,0,5,1,0,0
15,329,11,10,2,0,0
1,7,1,2,0,0,0
1,5,0,5,2,0,0
0,5,0,1,0,0,0
2,36,4,1,1,0,0
0,1,0,1,0,0,0
0,0,0,1,0,0,0
43,409,12,6,1,0,0
0,0,0,1,0,0,0
2,7,0,5,1,2,0
0,0,0,1,1,0,0
0,0,0,1,0,0,0
1,1,0,2,2,0,0
2,9,0,3,1,0,0
0,1,0,1,1,0,0
0,2,0,1,1,0,0
0,1,0,1,1,0,0
1,3,0,1,1,0,0
5,19,3,4,1,0,0
5,13,5,2,1,0,0
2,7,0,5,1,0,0
10,167,10,3,2,0,0
0,0,0,1,1,0,0
6,25,8,6,2,0,0
1,2,0,8,2,0,0
1,6,1,3,0,1,0
2,9,0,4,0,0,0
8,32,0,4,2,0,0
2,19,2,4,1,0,0
0,8,0,5,1,0,0
6,31,0,5,2,0,0
4,24,1,5,2,0,0
1,4,0,2,0,1,0
3,13,1,5,1,0,0
1,1,0,2,0,0,0
0,2,1,2,1,0,0
3,7,0,7,2,0,0
0,4,0,2,0,0,0
0,2,0,2,1,0,0
5,7,0,7,3,0,0
39,287,11,10,5,0,0
18,71,20,16,2,2,0
66,166,3,17,8,1,0
26,109,18,18,6,0,0
2,5,0,3,0,0,0
15,87,10,26,7,0,0
72,443,14,24,10,0,0
24,120,3,18,2,0,0
295,2115,138,57,18,0,0
87,460,37,67,15,0,0
18,58,18,19,3,0,0
7,28,2,19,5,1,0
2,9,2,7,5,0,0
4,20,0,6,0,0,0
2,8,0,6,2,0,0
97,621,43,12,5,0,0
1,14,4,8,3,0,0
4,16,1,4,1,0,0
0,9,0,5,0,0,0
0,10,2,8,2,0,0
26,507,23,10,1,0,0
1,5,0,3,1,0,0
13,245,8,8,0,0,0
24,108,4,19,2,1,0
82,647,23,29,7,0,0
73,640,44,26,4,2,0
87,603,22,24,9,0,0
9,47,2,29,9,1,0
42,126,1,14,10,0,0
14,38,1,9,6,0,0
4,15,2,7,1,0,0
18,59,2,8,4,0,0
10,34,60,13,2,0,0
13,85,11,9,3,0,0
14,37,3,6,2,0,0
3,9,3,5,1,0,0
2,14,1,2,0,0,0
3,16,2,4,0,0,0
1,2,0,1,0,0,0
1,8,0,6,1,1,0
0,0,0,1,1,0,0
1,3,0,1,0,0,0
0,0,0,1,0,0,0
4,14,0,3,1,0,0
0,2,0,2,0,0,0
0,1,0,3,1,0,0
12,75,2,61,2,0,0
1,13,2,20,1,0,0
21,63,6,24,9,1,0
46,363,44,28,7,1,0
8,37,3,8,3,0,0
21,94,10,14,7,1,0
40,82,20,13,2,0,0
17,149,2,9,1,0,0
23,63,6,17,6,0,0
5,35,1,9,4,1,0
16,88,9,7,1,0,0
1,6,0,5,2,0,0
20,221,2,6,1,0,0
0,4,0,3,1,0,0
1,3,0,4,0,0,0
0,0,0,2,0,0,0
1,5,0,2,0,0,0
1,8,0,1,1,0,0
1,4,0,3,1,0,0
0,2,0,2,0,0,0
9,17,1,6,0,0,0
6,7,3,5,0,0,0
6,47,1,7,2,0,0
7,17,1,9,2,0,0
10,19,1,7,2,0,0
16,107,8,19,4,1,0
32,125,1,12,3,0,0
2,10,2,11,0,0,0
13,41,3,9,2,0,0
3,9,2,8,1,0,0
7,47,16,7,1,0,0
11,54,5,13,4,0,0
58,381,27,9,1,0,0
12,29,4,6,2,0,0
8,12,0,8,2,0,0
0,4,1,3,0,0,0
9,42,2,5,2,0,0
4,4,0,5,0,0,0
6,16,2,5,0,0,0
0,0,0,1,0,0,0
1,3,1,1,0,0,0
2,4,1,2,0,0,0
3,42,1,2,0,0,0
1,15,1,2,0,0,0
4,21,0,4,1,0,0
28,142,5,8,4,0,0
14,50,4,11,2,0,0
11,26,6,16,7,1,0
34,188,7,14,7,0,0
14,73,6,15,8,0,0
15,51,4,4,1,0,0
12,38,4,18,2,0,0
10,43,5,18,9,0,0
8,17,0,17,9,0,0
1,32,2,16,2,0,0
3,8,1,7,0,2,0
7,18,3,5,2,0,0
2,1,1,2,0,0,0
2,5,0,5,4,0,0
0,1,0,1,0,0,0
0,0,0,2,1,0,0
5,25,2,2,0,0,0
1,6,0,2,0,0,0
1,4,1,1,0,0,0
0,0,1,1,1,0,0
47,127,7,1,1,0,0
0,4,1,2,0,0,0
5,35,8,2,0,0,0
6,66,5,5,0,0,0
0,1,0,1,0,0,0
1,0,0,2,0,0,0
5,25,2,2,1,0,0
0,2,0,2,0,0,0
1,10,1,5,2,0,0
0,2,1,1,0,0,0
0,0,0,2,0,0,0
0,1,1,3,0,0,0
3,34,13,4,1,0,0
15,42,3,7,1,0,0
0,1,0,1,0,0,0
3,7,0,2,1,0,0
1,12,1,7,1,1,0
0,0,0,2,0,0,0
113,1180,22,1,0,0,0
3,7,0,2,1,0,0
0,0,0,1,1,0,0
0,1,0,1,1,0,0
1,1,0,1,1,0,0
4,238,8,2,1,0,0
0,1,0,2,0,0,0
1,0,0,1,1,0,0
0,0,0,1,1,0,0
0,3,0,2,0,0,0
0,0,1,4,0,0,0
0,1,0,3,0,1,0
7,44,4,7,2,0,0
30,66,0,8,6,0,0
8,19,5,5,2,0,0
8,12,0,4,0,0,0
1,4,1,2,0,0,0
1,4,0,2,0,0,0
15,51,4,7,1,0,0
0,2,0,1,1,0,0
6,20,1,3,0,0,0
0,0,1,1,0,0,0
9,19,1,4,1,0,0
10,33,0,2,1,0,0
0,4,0,1,0,0,0
12,48,1,3,0,0,0
6,11,0,3,1,0,0
85,482,15,25,2,0,0
19,46,1,15,0,0,0
75,214,4,17,3,0,0
73,562,22,20,4,0,0
83,280,14,28,7,0,0
18,69,2,14,3,0,0
27,288,25,14,6,0,0
18,50,3,16,6,0,0
43,136,7,23,6,1,0
47,173,11,13,6,0,0
37,252,100,11,3,0,0
9,191,2,6,3,0,0
8,31,3,11,4,0,0
0,0,0,2,0,0,0
30,158,9,5,2,0,0
3,13,1,5,0,0,0
0,1,0,2,1,0,0
1,7,2,3,1,0,0
0,2,0,2,0,0,0
2,2,0,2,0,0,0
0,0,0,1,0,0,0
1,7,1,2,0,0,0
6,12,0,4,1,0,0
10,17,0,5,2,0,0
24,71,2,17,5,0,0
27,66,4,11,4,0,0
7,14,1,12,0,1,0
12,35,3,8,1,1,0
23,139,25,15,8,0,0
9,96,4,11,2,0,0
44,269,19,20,10,0,0
8,48,2,15,0,1,0
2,9,6,3,0,0,0
1,11,1,10,2,0,0
0,3,0,1,0,0,0
10,33,1,5,2,0,0
20,88,2,4,0,0,0
9,33,1,9,1,0,0
9,15,1,3,1,0,0
4,12,3,7,0,0,0
1,2,0,2,0,0,0
4,28,3,2,1,0,0
45,134,8,3,1,0,0
67,256,10,3,1,0,0
1,4,0,8,3,0,0
4,24,3,2,0,0,0
29,286,12,5,0,0,0
10,36,5,11,2,0,0
4,17,4,9,3,0,0
11,89,6,11,6,0,0
38,157,8,17,8,0,0
13,66,8,15,3,0,0
16,59,9,10,6,0,0
19,361,24,8,3,0,0
30,133,10,25,8,0,0
46,219,17,27,11,1,0
57,396,19,16,3,0,0
6,16,0,9,2,0,0
18,59,4,13,3,1,0
7,45,8,7,2,0,0
5,28,5,6,0,0,0
11,23,0,4,1,0,0
1,8,0,4,0,0,0
4,20,1,5,2,0,0
7,16,4,6,1,0,0
0,0,0,1,0,0,0
0,0,0,2,0,0,0
15,121,9,1,0,0,0
11,25,0,4,3,0,0
13,66,3,5,0,0,0
19,73,6,17,2,0,0
79,187,7,27,10,1,0
27,79,4,13,8,0,0
18,52,1,14,3,0,0
16,52,4,24,4,0,0
32,128,9,25,6,1,0
25,240,17,13,1,0,0
9,59,4,10,2,0,0
424,2351,98,8,3,0,0
12,57,2,6,2,0,0
14,44,5,5,4,0,0
1,5,0,5,1,0,0
4,26,2,5,0,1,0
21,195,9,5,0,0,0
1,1,0,3,1,0,0
1,4,3,4,0,0,0
1,16,0,2,0,0,0
0,1,0,1,1,0,0
0,1,1,3,0,0,0
3,6,0,3,0,0,0
0,1,0,1,0,0,0
6,5,2,4,1,0,0
6,18,0,6,1,0,0
11,21,4,16,2,0,0
10,36,4,14,3,1,0
0,6,1,9,2,0,0
121,992,92,12,4,0,0
46,128,11,16,7,0,0
26,70,2,19,8,0,0
135,613,48,13,1,0,0
0,4,1,4,0,0,0
2,8,0,4,2,0,0
12,56,8,10,3,0,0
0,1,0,2,1,0,0
10,63,4,10,1,0,0
0,0,0,2,0,0,0
2,11,2,1,0,0,0
0,9,0,1,0,0,0
19,92,3,3,0,0,0
0,0,0,1,0,0,0
0,0,0,1,0,0,0
1,0,1,1,0,1,0
0,2,0,2,0,0,0
1,0,0,1,0,0,0
1,1,0,2,1,0,0
7,38,2,3,0,0,0
0,2,0,1,0,0,0
1,1,0,2,2,0,0
1,3,0,3,0,0,0
0,2,2,1,0,0,0
3,7,1,8,3,0,0
0,2,0,1,0,0,0
2,4,0,1,0,0,0
1,14,0,1,0,0,0
10,91,24,6,1,0,0
23,157,10,6,2,0,0
3,0,1,4,0,1,0
0,0,0,1,1,0,0
34,182,10,8,1,3,0
3,9,4,9,2,3,0
0,2,2,4,0,2,0
0,2,0,3,0,0,0
0,1,2,1,0,0,0
0,0,0,1,0,0,0
0,4,0,1,0,0,0
3,13,4,1,0,0,0
14,164,2,2,2,0,0
3,24,0,3,1,0,0
5,49,3,4,0,0,0
0,3,1,2,1,0,0
15,244,23,4,2,0,0
0,5,1,1,0,0,0
5,14,0,2,0,0,0
1,12,1,4,0,0,0
3,20,6,8,1,0,0
0,0,0,2,0,0,0
1,7,2,8,0,0,0
2,9,0,5,1,0,0
0,5,0,2,0,0,0
0,2,0,1,0,0,0
0,2,0,3,0,0,0
0,0,0,1,0,0,0
1,0,1,2,0,0,0
0,1,0,5,0,4,0
4,10,0,8,0,0,0
1,17,0,1,0,0,0
0,0,1,2,0,0,0
3,13,0,2,1,0,0
0,9,1,2,1,0,0
5,74,6,4,1,0,0
15,261,3,8,2,0,0
2,27,1,10,5,0,0
50,602,12,21,10,1,0
31,156,7,12,7,0,0
10,52,4,9,3,0,0
0,7,1,7,2,0,0
21,90,6,10,2,0,0
6,34,7,6,0,0,0
2,16,2,8,1,0,0
56,487,14,9,2,0,0
8,23,0,7,2,0,0
2,1,0,3,0,0,0
2,9,3,5,1,0,0
14,73,0,6,2,0,0
2,10,3,3,1,0,0
10,116,27,1,0,0,0
0,1,2,2,0,0,0
0,0,0,1,0,0,0
0,0,0,1,0,0,0
0,2,0,2,1,0,0
0,3,0,2,0,0,0
2,14,0,4,3,0,0
25,218,16,4,2,0,0
37,153,18,10,2,0,0
35,262,21,15,6,0,0
18,70,8,10,5,0,0
10,65,8,15,5,0,0
21,70,4,9,2,1,0
61,315,81,11,2,2,0
58,333,36,38,4,0,0
91,901,44,38,7,0,0
24,129,6,26,2,1,0
7,40,3,16,0,1,0
8,71,5,15,3,0,0
6,65,6,12,5,0,0
1,13,0,7,1,0,0
0,5,0,4,0,0,0
10,138,8,6,0,1,0
10,69,2,5,3,0,0
11,203,8,4,1,0,0
2,5,1,2,0,0,0
0,0,1,3,1,0,0
8,72,4,5,2,0,0
15,99,10,4,1,0,0
1,3,0,2,0,0,0
16,172,4,6,2,0,0
6,17,3,8,0,1,0
31,212,14,15,5,2,0
69,856,33,14,3,0,0
57,435,26,18,5,0,0
27,190,7,29,3,0,0
101,1528,40,37,7,0,0
71,485,23,30,5,1,0
12,71,4,19,6,0,0
56,298,16,18,4,1,0
27,292,11,14,4,1,0
39,592,14,13,4,1,0
6,18,4,10,2,0,0
0,9,2,7,2,0,0
4,55,6,8,0,0,0
4,40,4,8,1,0,0
1,5,0,3,1,0,0
0,1,0,1,0,0,0
8,34,3,9,0,0,0
0,4,0,3,0,0,0
29,250,14,3,0,0,0
2,70,9,4,1,0,0
4,59,7,5,1,0,0
12,25,1,3,2,0,0
2,21,1,7,0,0,0
21,87,8,9,3,0,0
9,54,2,11,3,0,0
24,158,21,28,7,1,0
43,200,9,21,4,0,0
36,785,36,16,2,0,0
17,73,3,11,4,1,0
9,53,2,15,5,1,0
494,1518,67,35,11,1,0
110,937,55,32,9,0,0
59,334,31,23,4,0,0
4,42,5,16,5,1,0
4,23,1,7,3,0,0
1,15,1,7,1,0,0
0,3,0,6,1,0,0
13,126,18,10,4,2,0
1,6,0,3,1,0,0
0,3,1,1,0,0,0
15,35,1,5,0,0,0
1,7,1,3,0,0,0
1,9,1,4,0,0,0
0,0,0,2,0,1,0
2,7,1,2,0,0,0
0,0,0,2,0,0,0
19,146,6,10,2,0,0
26,319,16,10,5,0,0
101,909,31,13,5,0,0
30,181,12,17,3,0,0
6,53,4,6,2,0,0
18,56,4,14,3,1,0
7,36,0,10,1,0,0
12,47,2,10,3,1,0
10,44,1,7,2,0,0
4,29,5,11,1,0,0
0,16,1,8,2,0,0
2,1,0,3,0,0,0
0,3,1,3,1,0,0
0,5,0,4,2,0,0
2,9,1,3,1,0,0
2,4,0,1,0,0,0
1,3,0,1,1,0,0
0,0,0,1,0,0,0
2,8,1,4,1,0,0
0,1,0,1,0,0,0
1,2,0,1,0,0,0
4,21,1,2,0,0,0
6,55,3,1,1,0,0
3,10,1,6,1,0,0
1,3,0,3,1,0,0
8,26,3,3,1,0,0
1,6,0,3,0,1,0
0,0,0,1,0,0,0
0,9,0,1,0,0,0
0,2,0,1,0,1,0
3,43,4,3,1,0,0
0,11,1,4,2,0,0
15,78,8,2,0,0,0
0,0,0,1,0,0,0
0,6,4,2,1,0,0
2,13,1,5,2,0,0
4,6,1,2,1,0,0
0,3,1,2,2,0,0
0,2,0,2,0,0,0
0,1,0,1,0,0,0
3,17,2,1,0,0,0
1,1,0,1,0,0,0
18,62,3,2,0,0,0
0,0,0,1,0,0,0
3,19,5,3,1,0,0
3,10,0,4,1,0,0
10,38,5,10,2,0,0
11,34,1,8,3,0,0
5,11,0,3,0,0,0
4,15,0,5,2,1,0
1,3,0,1,0,0,0
4,14,4,2,1,0,0
2,5,1,3,2,0,0
0,0,0,2,2,0,0
2,4,2,5,4,1,0
2,23,4,4,3,0,0
3,10,0,3,1,0,0
31,183,7,2,2,0,0
0,0,0,1,0,0,0
0,3,2,4,2,0,0
2,8,0,3,1,0,0
5,16,0,3,1,0,0
0,0,0,2,1,0,0
3,38,5,6,2,0,0
10,41,3,8,3,0,0
71,306,19,10,4,0,0
52,541,15,20,14,0,0
28,433,16,12,4,2,0
17,98,1,15,6,0,0
24,78,6,13,2,0,0
23,147,17,15,5,0,0
37,210,9,34,13,1,0
13,90,24,17,5,0,0
159,855,114,13,7,0,0
7,51,1,15,7,0,0
77,902,20,14,4,0,0
22,62,0,13,8,1,0
9,36,2,7,5,0,0
1,9,1,7,1,0,0
10,20,1,3,1,0,0
2,10,1,3,1,0,0
0,0,0,1,0,0,0
1,11,1,2,0,0,0
4,12,0,3,1,0,0
4,7,0,3,0,0,0
1,4,2,3,0,0,0
3,8,0,3,1,0,0
15,61,6,16,2,0,0
73,225,8,12,5,0,0
34,85,6,29,9,0,0
51,352,14,9,2,0,0
35,244,8,25,10,0,0
53,294,26,28,4,1,0
219,1018,103,36,8,0,0
14,287,27,22,8,0,0
17,71,9,17,2,1,0
78,413,13,14,4,0,0
85,720,44,8,1,0,0
28,240,32,18,1,0,0
3,13,2,12,2,0,0
4,6,1,6,2,0,0
1,4,0,6,0,0,0
23,77,10,14,5,0,0
2,2,0,3,0,0,0
2,33,1,4,3,0,0
3,21,7,5,1,0,0
8,37,11,7,1,0,0
3,8,0,4,1,0,0
51,187,7,3,0,0,0
125,539,28,13,4,1,0
11,120,4,5,2,0,0
5,120,5,8,3,0,0
8,28,3,12,2,0,0
2,36,0,13,4,0,0
4,15,1,8,4,0,0
10,53,5,9,2,0,0
0,14,2,7,2,0,0
11,29,2,7,0,1,0
7,11,0,11,4,0,0
6,24,1,15,2,0,0
4,15,0,7,0,0,0
7,57,11,22,4,0,0
2,16,2,7,1,0,0
9,46,6,9,4,0,0
